-- MySQL dump 10.13  Distrib 8.0.46, for Win64 (x86_64)
--
-- Host: 127.0.0.1    Database: db_asignacion
-- ------------------------------------------------------
-- Server version	9.7.0

/*!40101 SET @OLD_CHARACTER_SET_CLIENT=@@CHARACTER_SET_CLIENT */;
/*!40101 SET @OLD_CHARACTER_SET_RESULTS=@@CHARACTER_SET_RESULTS */;
/*!40101 SET @OLD_COLLATION_CONNECTION=@@COLLATION_CONNECTION */;
/*!50503 SET NAMES utf8 */;
/*!40103 SET @OLD_TIME_ZONE=@@TIME_ZONE */;
/*!40103 SET TIME_ZONE='+00:00' */;
/*!40014 SET @OLD_UNIQUE_CHECKS=@@UNIQUE_CHECKS, UNIQUE_CHECKS=0 */;
/*!40014 SET @OLD_FOREIGN_KEY_CHECKS=@@FOREIGN_KEY_CHECKS, FOREIGN_KEY_CHECKS=0 */;
/*!40101 SET @OLD_SQL_MODE=@@SQL_MODE, SQL_MODE='NO_AUTO_VALUE_ON_ZERO' */;
/*!40111 SET @OLD_SQL_NOTES=@@SQL_NOTES, SQL_NOTES=0 */;
SET @MYSQLDUMP_TEMP_LOG_BIN = @@SESSION.SQL_LOG_BIN;
SET @@SESSION.SQL_LOG_BIN= 0;

--
-- GTID state at the beginning of the backup 
--

SET @@GLOBAL.GTID_PURGED=/*!80000 '+'*/ '3c11b7d8-4964-11f1-a207-00155d09f000:1-2025';

--
-- Table structure for table `tb_asignacion`
--

DROP TABLE IF EXISTS `tb_asignacion`;
/*!40101 SET @saved_cs_client     = @@character_set_client */;
/*!50503 SET character_set_client = utf8mb4 */;
CREATE TABLE `tb_asignacion` (
  `id_asignacion` int NOT NULL AUTO_INCREMENT,
  `id_solicitud` int NOT NULL,
  `id_tecnico` int NOT NULL,
  `tipo_asignacion` enum('AUTOMATICA','MANUAL') COLLATE utf8mb4_unicode_ci NOT NULL DEFAULT 'AUTOMATICA',
  `fecha_asignacion` datetime NOT NULL DEFAULT CURRENT_TIMESTAMP,
  `fecha_programada` datetime DEFAULT NULL,
  `estado_asignacion` enum('ASIGNADA','EN_CAMINO','EN_PROCESO','COMPLETADA','CANCELADA','REPROGRAMADA') COLLATE utf8mb4_unicode_ci NOT NULL DEFAULT 'ASIGNADA',
  `observaciones` text COLLATE utf8mb4_unicode_ci,
  PRIMARY KEY (`id_asignacion`),
  UNIQUE KEY `id_solicitud` (`id_solicitud`),
  KEY `fk_asig_tecnico` (`id_tecnico`),
  CONSTRAINT `fk_asig_solicitud` FOREIGN KEY (`id_solicitud`) REFERENCES `tb_solicitud` (`id_solicitud`),
  CONSTRAINT `fk_asig_tecnico` FOREIGN KEY (`id_tecnico`) REFERENCES `tb_tecnico` (`id_tecnico`)
) ENGINE=InnoDB AUTO_INCREMENT=178 DEFAULT CHARSET=utf8mb4 COLLATE=utf8mb4_unicode_ci;
/*!40101 SET character_set_client = @saved_cs_client */;

--
-- Dumping data for table `tb_asignacion`
--

LOCK TABLES `tb_asignacion` WRITE;
/*!40000 ALTER TABLE `tb_asignacion` DISABLE KEYS */;
INSERT INTO `tb_asignacion` VALUES (1,4,2,'AUTOMATICA','2026-05-12 01:59:46','2026-05-12 08:00:00','ASIGNADA',NULL),(2,2,3,'AUTOMATICA','2026-05-12 01:59:46','2026-05-12 08:00:00','ASIGNADA',NULL),(3,3,4,'AUTOMATICA','2026-05-12 01:59:46','2026-05-12 08:00:00','ASIGNADA',NULL),(4,5,3,'AUTOMATICA','2026-05-12 02:01:15','2026-05-12 12:00:00','ASIGNADA',NULL),(5,6,1,'AUTOMATICA','2026-05-12 02:01:46','2026-05-12 08:00:00','ASIGNADA',NULL),(6,7,3,'MANUAL','2026-05-12 02:02:51','2026-05-12 08:00:00','ASIGNADA',''),(7,8,1,'AUTOMATICA','2026-05-12 02:19:06','2026-05-12 17:00:00','ASIGNADA',NULL),(8,9,3,'AUTOMATICA','2026-05-13 11:14:41','2026-05-13 11:00:00','ASIGNADA',NULL),(9,11,1,'AUTOMATICA','2026-05-13 11:34:05','2026-05-13 17:00:00','ASIGNADA',''),(10,18,2,'AUTOMATICA','2026-06-02 02:13:09','2026-06-02 08:00:00','ASIGNADA',NULL),(11,17,4,'AUTOMATICA','2026-06-02 02:13:09','2026-06-02 08:00:00','ASIGNADA',NULL),(12,16,1,'AUTOMATICA','2026-06-02 02:13:09','2026-06-02 08:00:00','ASIGNADA',NULL),(13,15,3,'AUTOMATICA','2026-06-02 02:13:09','2026-06-02 08:00:00','ASIGNADA',NULL),(14,26,4,'AUTOMATICA','2026-06-02 02:28:14','2026-06-02 17:00:00','ASIGNADA',NULL),(15,25,1,'AUTOMATICA','2026-06-02 02:28:14','2026-06-02 17:00:00','ASIGNADA',NULL),(16,24,2,'AUTOMATICA','2026-06-02 02:28:14','2026-06-02 17:00:00','ASIGNADA',NULL),(17,23,3,'AUTOMATICA','2026-06-02 02:28:14','2026-06-02 17:00:00','ASIGNADA',NULL),(18,22,4,'AUTOMATICA','2026-06-02 02:28:14','2026-06-02 12:00:00','ASIGNADA',NULL),(19,21,1,'AUTOMATICA','2026-06-02 02:28:14','2026-06-02 12:00:00','ASIGNADA',NULL),(20,20,2,'AUTOMATICA','2026-06-02 02:28:14','2026-06-02 12:00:00','ASIGNADA',NULL),(21,19,3,'AUTOMATICA','2026-06-02 02:28:14','2026-06-02 12:00:00','ASIGNADA',NULL),(22,28,4,'AUTOMATICA','2026-06-08 05:08:08','2026-06-08 08:00:00','ASIGNADA',NULL),(23,27,3,'AUTOMATICA','2026-06-08 05:08:08','2026-06-08 08:00:00','ASIGNADA',NULL),(24,30,1,'AUTOMATICA','2026-06-08 05:13:04','2026-06-08 08:00:00','ASIGNADA',NULL),(25,29,2,'AUTOMATICA','2026-06-08 05:13:04','2026-06-08 08:00:00','ASIGNADA',NULL),(26,31,4,'AUTOMATICA','2026-06-08 13:44:12','2026-06-08 17:00:00','COMPLETADA','\nAuto-completada por el sistema'),(29,34,1,'AUTOMATICA','2026-06-08 14:43:01','2026-06-08 17:00:00','COMPLETADA','\nAuto-completada por el sistema'),(30,33,2,'AUTOMATICA','2026-06-08 14:43:01','2026-06-08 17:00:00','COMPLETADA','\nAuto-completada por el sistema'),(31,32,3,'AUTOMATICA','2026-06-08 14:43:01','2026-06-08 17:00:00','COMPLETADA','\nAuto-completada por el sistema'),(37,42,1,'AUTOMATICA','2026-06-08 19:19:13','2026-06-18 08:00:00','ASIGNADA',NULL),(38,43,2,'AUTOMATICA','2026-06-09 14:28:14','2026-06-09 17:00:00','ASIGNADA',NULL),(39,44,5,'AUTOMATICA','2026-06-09 14:28:34','2026-06-09 17:00:00','ASIGNADA',NULL),(40,46,5,'AUTOMATICA','2026-06-09 14:55:01','2026-06-19 08:00:00','ASIGNADA',NULL),(41,45,3,'AUTOMATICA','2026-06-09 14:55:01','2026-06-09 17:00:00','ASIGNADA',NULL),(42,47,3,'MANUAL','2026-06-09 21:47:59','2026-06-10 08:00:00','ASIGNADA',''),(43,50,2,'AUTOMATICA','2026-06-09 22:32:37','2026-06-10 17:00:00','ASIGNADA',NULL),(44,49,1,'AUTOMATICA','2026-06-09 22:32:37','2026-06-10 12:00:00','ASIGNADA',NULL),(45,48,2,'AUTOMATICA','2026-06-09 22:32:37','2026-06-10 08:00:00','ASIGNADA',NULL),(46,51,2,'AUTOMATICA','2026-06-10 14:56:23','2026-06-11 17:00:00','ASIGNADA',NULL),(47,52,2,'AUTOMATICA','2026-06-10 14:58:01','2026-06-11 08:00:00','ASIGNADA',NULL),(48,53,1,'AUTOMATICA','2026-06-10 14:59:17','2026-06-11 08:00:00','ASIGNADA',NULL),(49,64,1,'AUTOMATICA','2026-06-25 12:13:14','2026-06-26 12:13:15','ASIGNADA',NULL),(50,65,1,'AUTOMATICA','2026-06-25 12:13:14','2026-06-26 12:13:15','ASIGNADA',NULL),(52,69,1,'MANUAL','2026-06-25 12:13:14','2026-06-26 12:13:15','ASIGNADA','Asignacion de prueba QA RF23'),(53,72,1,'AUTOMATICA','2026-06-25 12:13:15','2026-06-26 12:13:15','EN_CAMINO',''),(54,73,1,'AUTOMATICA','2026-06-25 12:13:15','2026-06-26 12:13:15','EN_PROCESO',''),(55,74,1,'AUTOMATICA','2026-06-25 12:13:15','2026-06-26 12:13:15','COMPLETADA',''),(56,75,1,'AUTOMATICA','2026-06-25 12:13:15','2026-06-26 12:13:15','ASIGNADA',NULL),(57,77,2,'AUTOMATICA','2026-06-25 12:13:15','2026-06-26 12:13:15','ASIGNADA','\nReasignacion QA RF24'),(58,78,1,'AUTOMATICA','2026-06-25 12:13:15','2026-06-26 12:13:15','ASIGNADA',NULL),(59,84,1,'AUTOMATICA','2026-06-25 12:13:39','2026-06-26 12:13:40','ASIGNADA',NULL),(60,85,1,'AUTOMATICA','2026-06-25 12:13:39','2026-06-26 12:13:40','ASIGNADA',NULL),(62,89,1,'MANUAL','2026-06-25 12:13:39','2026-06-26 12:13:40','ASIGNADA','Asignacion de prueba QA RF23'),(63,92,1,'AUTOMATICA','2026-06-25 12:13:39','2026-06-26 12:13:40','EN_CAMINO',''),(64,93,1,'AUTOMATICA','2026-06-25 12:13:39','2026-06-26 12:13:40','EN_PROCESO',''),(65,94,1,'AUTOMATICA','2026-06-25 12:13:39','2026-06-26 12:13:40','COMPLETADA',''),(66,95,1,'AUTOMATICA','2026-06-25 12:13:39','2026-06-26 12:13:40','ASIGNADA',NULL),(67,97,2,'AUTOMATICA','2026-06-25 12:13:39','2026-06-26 12:13:40','ASIGNADA','\nReasignacion QA RF24'),(68,98,1,'AUTOMATICA','2026-06-25 12:13:39','2026-06-26 12:13:40','ASIGNADA',NULL),(69,104,1,'AUTOMATICA','2026-06-25 12:14:16','2026-06-26 12:14:16','ASIGNADA',NULL),(70,105,1,'AUTOMATICA','2026-06-25 12:14:16','2026-06-26 12:14:16','ASIGNADA',NULL),(72,109,1,'MANUAL','2026-06-25 12:14:16','2026-06-26 12:14:16','ASIGNADA','Asignacion de prueba QA RF23'),(73,112,1,'AUTOMATICA','2026-06-25 12:14:16','2026-06-26 12:14:16','EN_CAMINO',''),(74,113,1,'AUTOMATICA','2026-06-25 12:14:16','2026-06-26 12:14:16','EN_PROCESO',''),(75,114,1,'AUTOMATICA','2026-06-25 12:14:16','2026-06-26 12:14:16','COMPLETADA',''),(76,115,1,'AUTOMATICA','2026-06-25 12:14:16','2026-06-26 12:14:16','ASIGNADA',NULL),(77,117,2,'AUTOMATICA','2026-06-25 12:14:16','2026-06-26 12:14:16','ASIGNADA','\nReasignacion QA RF24'),(78,118,1,'AUTOMATICA','2026-06-25 12:14:16','2026-06-26 12:14:16','ASIGNADA',NULL),(79,125,1,'AUTOMATICA','2026-06-30 21:50:09','2026-07-01 21:50:09','ASIGNADA',NULL),(80,126,1,'AUTOMATICA','2026-06-30 21:50:09','2026-07-01 21:50:09','ASIGNADA',NULL),(82,129,1,'AUTOMATICA','2026-06-30 21:50:09','2026-07-01 21:50:10','EN_CAMINO',''),(83,130,1,'AUTOMATICA','2026-06-30 21:50:09','2026-07-01 21:50:10','EN_PROCESO',''),(84,131,1,'AUTOMATICA','2026-06-30 21:50:09','2026-07-01 21:50:10','COMPLETADA',''),(85,132,1,'AUTOMATICA','2026-06-30 21:50:09','2026-07-01 21:50:10','ASIGNADA',NULL),(86,138,22,'MANUAL','2026-06-30 21:50:09','2026-07-01 21:50:10','ASIGNADA',NULL),(87,140,1,'MANUAL','2026-06-30 21:50:09','2026-07-01 21:50:10','ASIGNADA','Asignacion de prueba QA RF23'),(88,143,2,'AUTOMATICA','2026-06-30 21:50:09','2026-07-01 21:50:10','ASIGNADA','\nReasignacion QA RF24'),(89,144,1,'AUTOMATICA','2026-06-30 21:50:09','2026-07-01 21:50:10','ASIGNADA',NULL),(90,153,1,'AUTOMATICA','2026-06-30 17:06:24','2026-07-01 17:06:25','ASIGNADA',NULL),(91,154,1,'AUTOMATICA','2026-06-30 17:06:24','2026-07-01 17:06:25','ASIGNADA',NULL),(93,159,31,'MANUAL','2026-06-30 17:06:24','2026-07-01 17:06:25','ASIGNADA',NULL),(94,161,1,'MANUAL','2026-06-30 17:06:24','2026-07-01 17:06:25','ASIGNADA','Asignacion de prueba QA RF23'),(95,164,1,'AUTOMATICA','2026-06-30 17:06:24','2026-07-01 17:06:25','EN_CAMINO',''),(96,165,1,'AUTOMATICA','2026-06-30 17:06:24','2026-07-01 17:06:25','EN_PROCESO',''),(97,166,1,'AUTOMATICA','2026-06-30 17:06:24','2026-07-01 17:06:25','COMPLETADA',''),(98,167,1,'AUTOMATICA','2026-06-30 17:06:24','2026-07-01 17:06:25','ASIGNADA',NULL),(99,169,2,'AUTOMATICA','2026-06-30 17:06:24','2026-07-01 17:06:25','ASIGNADA','\nReasignacion QA RF24'),(100,170,1,'AUTOMATICA','2026-06-30 17:06:24','2026-07-01 17:06:25','ASIGNADA',NULL),(101,179,1,'AUTOMATICA','2026-06-30 17:07:35','2026-07-01 17:07:35','ASIGNADA',NULL),(102,180,1,'AUTOMATICA','2026-06-30 17:07:35','2026-07-01 17:07:35','ASIGNADA',NULL),(104,185,40,'MANUAL','2026-06-30 17:07:35','2026-07-01 17:07:36','ASIGNADA',NULL),(105,187,1,'MANUAL','2026-06-30 17:07:35','2026-07-01 17:07:36','ASIGNADA','Asignacion de prueba QA RF23'),(106,190,1,'AUTOMATICA','2026-06-30 17:07:35','2026-07-01 17:07:36','EN_CAMINO',''),(107,191,1,'AUTOMATICA','2026-06-30 17:07:35','2026-07-01 17:07:36','EN_PROCESO',''),(108,192,1,'AUTOMATICA','2026-06-30 17:07:35','2026-07-01 17:07:36','COMPLETADA',''),(109,193,1,'AUTOMATICA','2026-06-30 17:07:35','2026-07-01 17:07:36','ASIGNADA',NULL),(110,195,2,'AUTOMATICA','2026-06-30 17:07:35','2026-07-01 17:07:36','ASIGNADA','\nReasignacion QA RF24'),(111,196,1,'AUTOMATICA','2026-06-30 17:07:35','2026-07-01 17:07:36','ASIGNADA',NULL),(112,205,1,'AUTOMATICA','2026-06-30 17:20:10','2026-07-01 17:20:10','ASIGNADA',NULL),(113,206,1,'AUTOMATICA','2026-06-30 17:20:10','2026-07-01 17:20:10','ASIGNADA',NULL),(115,211,49,'MANUAL','2026-06-30 17:20:10','2026-07-01 17:20:11','ASIGNADA',NULL),(116,213,1,'MANUAL','2026-06-30 17:20:10','2026-07-01 17:20:11','ASIGNADA','Asignacion de prueba QA RF23'),(117,216,1,'AUTOMATICA','2026-06-30 17:20:10','2026-07-01 17:20:11','EN_CAMINO',''),(118,217,1,'AUTOMATICA','2026-06-30 17:20:10','2026-07-01 17:20:11','EN_PROCESO',''),(119,218,1,'AUTOMATICA','2026-06-30 17:20:10','2026-07-01 17:20:11','COMPLETADA',''),(120,219,1,'AUTOMATICA','2026-06-30 17:20:10','2026-07-01 17:20:11','ASIGNADA',NULL),(121,221,2,'AUTOMATICA','2026-06-30 17:20:10','2026-07-01 17:20:11','ASIGNADA','\nReasignacion QA RF24'),(122,222,1,'AUTOMATICA','2026-06-30 17:20:10','2026-07-01 17:20:11','ASIGNADA',NULL),(123,231,1,'AUTOMATICA','2026-06-30 17:53:10','2026-07-01 17:53:10','ASIGNADA',NULL),(124,232,1,'AUTOMATICA','2026-06-30 17:53:10','2026-07-01 17:53:10','ASIGNADA',NULL),(126,237,58,'MANUAL','2026-06-30 17:53:10','2026-07-01 17:53:10','ASIGNADA',NULL),(127,239,1,'MANUAL','2026-06-30 17:53:10','2026-07-01 17:53:10','ASIGNADA','Asignacion de prueba QA RF23'),(128,242,1,'AUTOMATICA','2026-06-30 17:53:10','2026-07-01 17:53:11','EN_CAMINO',''),(129,243,1,'AUTOMATICA','2026-06-30 17:53:10','2026-07-01 17:53:11','EN_PROCESO',''),(130,244,1,'AUTOMATICA','2026-06-30 17:53:10','2026-07-01 17:53:11','COMPLETADA',''),(131,245,1,'AUTOMATICA','2026-06-30 17:53:10','2026-07-01 17:53:11','ASIGNADA',NULL),(132,247,2,'AUTOMATICA','2026-06-30 17:53:10','2026-07-01 17:53:11','ASIGNADA','\nReasignacion QA RF24'),(133,248,1,'AUTOMATICA','2026-06-30 17:53:10','2026-07-01 17:53:11','ASIGNADA',NULL),(134,257,1,'AUTOMATICA','2026-06-30 18:02:16','2026-07-01 18:02:16','ASIGNADA',NULL),(135,258,1,'AUTOMATICA','2026-06-30 18:02:16','2026-07-01 18:02:16','ASIGNADA',NULL),(137,263,67,'MANUAL','2026-06-30 18:02:16','2026-07-01 18:02:17','ASIGNADA',NULL),(138,265,1,'MANUAL','2026-06-30 18:02:16','2026-07-01 18:02:17','ASIGNADA','Asignacion de prueba QA RF23'),(139,268,1,'AUTOMATICA','2026-06-30 18:02:16','2026-07-01 18:02:17','EN_CAMINO',''),(140,269,1,'AUTOMATICA','2026-06-30 18:02:16','2026-07-01 18:02:17','EN_PROCESO',''),(141,270,1,'AUTOMATICA','2026-06-30 18:02:16','2026-07-01 18:02:17','COMPLETADA',''),(142,271,1,'AUTOMATICA','2026-06-30 18:02:16','2026-07-01 18:02:17','ASIGNADA',NULL),(143,273,2,'AUTOMATICA','2026-06-30 18:02:16','2026-07-01 18:02:17','ASIGNADA','\nReasignacion QA RF24'),(144,274,1,'AUTOMATICA','2026-06-30 18:02:16','2026-07-01 18:02:17','ASIGNADA',NULL),(145,282,74,'MANUAL','2026-06-30 18:10:36','2026-07-01 18:10:37','ASIGNADA',NULL),(146,286,1,'AUTOMATICA','2026-06-30 18:10:36','2026-07-01 18:10:37','ASIGNADA',NULL),(147,287,1,'AUTOMATICA','2026-06-30 18:10:36','2026-07-01 18:10:37','ASIGNADA',NULL),(149,289,1,'MANUAL','2026-06-30 18:10:36','2026-07-01 18:10:37','ASIGNADA','Asignacion de prueba QA RF23'),(150,293,1,'AUTOMATICA','2026-06-30 18:10:36','2026-07-01 18:10:37','EN_CAMINO',''),(151,294,1,'AUTOMATICA','2026-06-30 18:10:36','2026-07-01 18:10:37','EN_PROCESO',''),(152,295,1,'AUTOMATICA','2026-06-30 18:10:36','2026-07-01 18:10:37','COMPLETADA',''),(153,296,1,'AUTOMATICA','2026-06-30 18:10:36','2026-07-01 18:10:37','ASIGNADA',NULL),(154,299,2,'AUTOMATICA','2026-06-30 18:10:36','2026-07-01 18:10:37','ASIGNADA','\nReasignacion QA RF24'),(155,300,1,'AUTOMATICA','2026-06-30 18:10:36','2026-07-01 18:10:37','ASIGNADA',NULL),(156,308,83,'MANUAL','2026-06-30 18:16:00','2026-07-01 18:16:00','ASIGNADA',NULL),(157,312,1,'AUTOMATICA','2026-06-30 18:16:00','2026-07-01 18:16:00','ASIGNADA',NULL),(158,313,1,'AUTOMATICA','2026-06-30 18:16:00','2026-07-01 18:16:00','ASIGNADA',NULL),(160,315,1,'MANUAL','2026-06-30 18:16:00','2026-07-01 18:16:00','ASIGNADA','Asignacion de prueba QA RF23'),(161,319,1,'AUTOMATICA','2026-06-30 18:16:00','2026-07-01 18:16:00','EN_CAMINO',''),(162,320,1,'AUTOMATICA','2026-06-30 18:16:00','2026-07-01 18:16:00','EN_PROCESO',''),(163,321,1,'AUTOMATICA','2026-06-30 18:16:00','2026-07-01 18:16:00','COMPLETADA',''),(164,322,1,'AUTOMATICA','2026-06-30 18:16:00','2026-07-01 18:16:00','ASIGNADA',NULL),(165,325,2,'AUTOMATICA','2026-06-30 18:16:00','2026-07-01 18:16:00','ASIGNADA','\nReasignacion QA RF24'),(166,326,1,'AUTOMATICA','2026-06-30 18:16:00','2026-07-01 18:16:00','ASIGNADA',NULL),(167,334,92,'MANUAL','2026-06-30 18:17:46','2026-07-01 18:17:46','ASIGNADA',NULL),(168,338,1,'AUTOMATICA','2026-06-30 18:17:46','2026-07-01 18:17:47','ASIGNADA',NULL),(169,339,1,'AUTOMATICA','2026-06-30 18:17:46','2026-07-01 18:17:47','ASIGNADA',NULL),(171,341,1,'MANUAL','2026-06-30 18:17:46','2026-07-01 18:17:47','ASIGNADA','Asignacion de prueba QA RF23'),(172,345,1,'AUTOMATICA','2026-06-30 18:17:46','2026-07-01 18:17:47','EN_CAMINO',''),(173,346,1,'AUTOMATICA','2026-06-30 18:17:46','2026-07-01 18:17:47','EN_PROCESO',''),(174,347,1,'AUTOMATICA','2026-06-30 18:17:46','2026-07-01 18:17:47','COMPLETADA',''),(175,348,1,'AUTOMATICA','2026-06-30 18:17:46','2026-07-01 18:17:47','ASIGNADA',NULL),(176,351,2,'AUTOMATICA','2026-06-30 18:17:46','2026-07-01 18:17:47','ASIGNADA','\nReasignacion QA RF24'),(177,352,1,'AUTOMATICA','2026-06-30 18:17:46','2026-07-01 18:17:47','ASIGNADA',NULL);
/*!40000 ALTER TABLE `tb_asignacion` ENABLE KEYS */;
UNLOCK TABLES;

--
-- Table structure for table `tb_cliente`
--

DROP TABLE IF EXISTS `tb_cliente`;
/*!40101 SET @saved_cs_client     = @@character_set_client */;
/*!50503 SET character_set_client = utf8mb4 */;
CREATE TABLE `tb_cliente` (
  `id_cliente` int NOT NULL AUTO_INCREMENT,
  `dni` varchar(15) COLLATE utf8mb4_unicode_ci NOT NULL,
  `nombres` varchar(100) COLLATE utf8mb4_unicode_ci NOT NULL,
  `apellidos` varchar(100) COLLATE utf8mb4_unicode_ci NOT NULL,
  `telefono` varchar(20) COLLATE utf8mb4_unicode_ci DEFAULT NULL,
  `email` varchar(150) COLLATE utf8mb4_unicode_ci DEFAULT NULL,
  `direccion` varchar(255) COLLATE utf8mb4_unicode_ci DEFAULT NULL,
  `referencia` varchar(255) COLLATE utf8mb4_unicode_ci DEFAULT NULL,
  `distrito` varchar(100) COLLATE utf8mb4_unicode_ci DEFAULT NULL,
  `id_zona` int DEFAULT NULL,
  `observaciones` text COLLATE utf8mb4_unicode_ci,
  `estado` tinyint(1) NOT NULL DEFAULT '1',
  `fecha_registro` datetime NOT NULL DEFAULT CURRENT_TIMESTAMP,
  PRIMARY KEY (`id_cliente`),
  UNIQUE KEY `dni` (`dni`),
  KEY `fk_cliente_zona` (`id_zona`),
  CONSTRAINT `fk_cliente_zona` FOREIGN KEY (`id_zona`) REFERENCES `tb_zona` (`id_zona`)
) ENGINE=InnoDB AUTO_INCREMENT=147 DEFAULT CHARSET=utf8mb4 COLLATE=utf8mb4_unicode_ci;
/*!40101 SET character_set_client = @saved_cs_client */;

--
-- Dumping data for table `tb_cliente`
--

LOCK TABLES `tb_cliente` WRITE;
/*!40000 ALTER TABLE `tb_cliente` DISABLE KEYS */;
INSERT INTO `tb_cliente` VALUES (1,'11111111','Juan','Perez','911111111','juan@gmail.com','Av Calle','',NULL,4,NULL,1,'2026-05-11 01:24:21'),(2,'22222222','Pablo','Lopez','922222222','pablo@gmail.com','Av Calle','',NULL,3,NULL,1,'2026-05-11 01:29:15'),(3,'33333333','Carlos','Garcia','933333333','carlos@gmail.com','Av Calle','',NULL,2,NULL,1,'2026-05-11 01:30:20'),(4,'44444444','Ana','Palacios','944444444','ana@gmail.com','Av Calle','',NULL,1,NULL,1,'2026-05-11 01:31:07'),(5,'55555555','Pepe','Guaman','955555555','pepe@gmail.com','Av. Calle','',NULL,3,NULL,1,'2026-06-08 04:59:48'),(7,'34474558','ZqxBuscarQA','Fixture','987654321','zqxbuscarqa@gmail.com','Av. de Pruebas 123',NULL,NULL,NULL,NULL,1,'2026-06-21 04:34:34'),(8,'20537500','ClienteQA','Edicion','987654321','clienteqa@gmail.com','Av. de Pruebas 123',NULL,NULL,NULL,NULL,1,'2026-06-21 04:34:34'),(9,'28611700','ClienteQA','Edicion','987654321','clienteqa@gmail.com','Av. de Pruebas 123',NULL,NULL,NULL,NULL,1,'2026-06-21 04:34:34'),(10,'35149500','ClienteQA','Edicion','999888777','clienteqa@gmail.com','Nueva direccion 456',NULL,NULL,NULL,NULL,1,'2026-06-21 04:34:34'),(11,'47218400','ZqxHistorialQA','Fixture','987654321','zqxhistorialqa@gmail.com','Av. de Pruebas 123',NULL,NULL,NULL,NULL,1,'2026-06-21 04:34:34'),(12,'62768700','ZqxSinHistorialQA','Fixture','987654321','zqxsinhistorialqa@gmail.com','Av. de Pruebas 123',NULL,NULL,NULL,NULL,1,'2026-06-21 04:34:34'),(13,'34474690','ClienteQA','Eliminacion','987654321','clienteqa@gmail.com','Av. de Pruebas 123',NULL,NULL,NULL,NULL,1,'2026-06-21 04:34:34'),(14,'34474695','ClienteQA','Eliminacion','987654321','clienteqa@gmail.com','Av. de Pruebas 123',NULL,NULL,NULL,NULL,0,'2026-06-21 04:34:34'),(15,'34475037','ClienteQA','PruebaAutomatizada','987654321','clienteqa@gmail.com','Av. de Pruebas 123','Cerca al parque',NULL,NULL,NULL,1,'2026-06-21 04:34:35'),(16,'34475039','ClienteQA','PruebaAutomatizada','987654321','clienteqa@gmail.com','Av. de Pruebas 123','Cerca al parque',NULL,NULL,NULL,1,'2026-06-21 04:34:35'),(17,'30033436','ZqxBuscarQA','Fixture','987654321','zqxbuscarqa@gmail.com','Av. de Pruebas 123',NULL,NULL,NULL,NULL,1,'2026-06-24 14:40:33'),(18,'08064600','ClienteQA','Edicion','987654321','clienteqa@gmail.com','Av. de Pruebas 123',NULL,NULL,NULL,NULL,1,'2026-06-24 14:40:34'),(19,'18668400','ClienteQA','Edicion','987654321','clienteqa@gmail.com','Av. de Pruebas 123',NULL,NULL,NULL,NULL,1,'2026-06-24 14:40:34'),(20,'29354800','ClienteQA','Edicion','999888777','clienteqa@gmail.com','Nueva direccion 456',NULL,NULL,NULL,NULL,1,'2026-06-24 14:40:34'),(21,'45468500','ZqxHistorialQA','Fixture','987654321','zqxhistorialqa@gmail.com','Av. de Pruebas 123',NULL,NULL,NULL,NULL,1,'2026-06-24 14:40:34'),(22,'66466900','ZqxSinHistorialQA','Fixture','987654321','zqxsinhistorialqa@gmail.com','Av. de Pruebas 123',NULL,NULL,NULL,NULL,1,'2026-06-24 14:40:34'),(23,'30034091','ClienteQA','Eliminacion','987654321','clienteqa@gmail.com','Av. de Pruebas 123',NULL,NULL,NULL,NULL,1,'2026-06-24 14:40:34'),(24,'30034104','ClienteQA','Eliminacion','987654321','clienteqa@gmail.com','Av. de Pruebas 123',NULL,NULL,NULL,NULL,0,'2026-06-24 14:40:34'),(25,'30034173','ClienteQA','PruebaAutomatizada','987654321','clienteqa@gmail.com','Av. de Pruebas 123','Cerca al parque',NULL,NULL,NULL,1,'2026-06-24 14:40:34'),(26,'30034177','ClienteQA','PruebaAutomatizada','987654321','clienteqa@gmail.com','Av. de Pruebas 123','Cerca al parque',NULL,NULL,NULL,1,'2026-06-24 14:40:34'),(27,'07594681','ZqxBuscarQA','Fixture','987654321','zqxbuscarqa@gmail.com','Av. de Pruebas 123',NULL,NULL,NULL,NULL,1,'2026-06-25 12:13:14'),(28,'14705100','ClienteQA','Edicion','987654321','clienteqa@gmail.com','Av. de Pruebas 123',NULL,NULL,NULL,NULL,1,'2026-06-25 12:13:14'),(29,'23699500','ClienteQA','Edicion','987654321','clienteqa@gmail.com','Av. de Pruebas 123',NULL,NULL,NULL,NULL,1,'2026-06-25 12:13:14'),(30,'31741900','ClienteQA','Edicion','999888777','clienteqa@gmail.com','Nueva direccion 456',NULL,NULL,NULL,NULL,1,'2026-06-25 12:13:14'),(31,'55399500','ZqxHistorialQA','Fixture','987654321','zqxhistorialqa@gmail.com','Av. de Pruebas 123',NULL,NULL,NULL,NULL,1,'2026-06-25 12:13:14'),(32,'65345800','ZqxSinHistorialQA','Fixture','987654321','zqxsinhistorialqa@gmail.com','Av. de Pruebas 123',NULL,NULL,NULL,NULL,1,'2026-06-25 12:13:14'),(33,'07595060','ClienteQA','Eliminacion','987654321','clienteqa@gmail.com','Av. de Pruebas 123',NULL,NULL,NULL,NULL,1,'2026-06-25 12:13:15'),(34,'07595065','ClienteQA','Eliminacion','987654321','clienteqa@gmail.com','Av. de Pruebas 123',NULL,NULL,NULL,NULL,0,'2026-06-25 12:13:15'),(35,'07595077','ClienteQA','PruebaAutomatizada','987654321','clienteqa@gmail.com','Av. de Pruebas 123','Cerca al parque',NULL,NULL,NULL,1,'2026-06-25 12:13:15'),(36,'07595079','ClienteQA','PruebaAutomatizada','987654321','clienteqa@gmail.com','Av. de Pruebas 123','Cerca al parque',NULL,NULL,NULL,1,'2026-06-25 12:13:15'),(37,'07619545','ZqxBuscarQA','Fixture','987654321','zqxbuscarqa@gmail.com','Av. de Pruebas 123',NULL,NULL,NULL,NULL,1,'2026-06-25 12:13:39'),(38,'89759100','ClienteQA','Edicion','987654321','clienteqa@gmail.com','Av. de Pruebas 123',NULL,NULL,NULL,NULL,1,'2026-06-25 12:13:39'),(39,'98269800','ClienteQA','Edicion','987654321','clienteqa@gmail.com','Av. de Pruebas 123',NULL,NULL,NULL,NULL,1,'2026-06-25 12:13:39'),(40,'06374600','ClienteQA','Edicion','999888777','clienteqa@gmail.com','Nueva direccion 456',NULL,NULL,NULL,NULL,1,'2026-06-25 12:13:39'),(41,'15441300','ZqxHistorialQA','Fixture','987654321','zqxhistorialqa@gmail.com','Av. de Pruebas 123',NULL,NULL,NULL,NULL,1,'2026-06-25 12:13:39'),(42,'25409200','ZqxSinHistorialQA','Fixture','987654321','zqxsinhistorialqa@gmail.com','Av. de Pruebas 123',NULL,NULL,NULL,NULL,1,'2026-06-25 12:13:39'),(43,'07619878','ClienteQA','Eliminacion','987654321','clienteqa@gmail.com','Av. de Pruebas 123',NULL,NULL,NULL,NULL,1,'2026-06-25 12:13:39'),(44,'07619884','ClienteQA','Eliminacion','987654321','clienteqa@gmail.com','Av. de Pruebas 123',NULL,NULL,NULL,NULL,0,'2026-06-25 12:13:39'),(45,'07619898','ClienteQA','PruebaAutomatizada','987654321','clienteqa@gmail.com','Av. de Pruebas 123','Cerca al parque',NULL,NULL,NULL,1,'2026-06-25 12:13:39'),(46,'07619901','ClienteQA','PruebaAutomatizada','987654321','clienteqa@gmail.com','Av. de Pruebas 123','Cerca al parque',NULL,NULL,NULL,1,'2026-06-25 12:13:39'),(47,'07656066','ZqxBuscarQA','Fixture','987654321','zqxbuscarqa@gmail.com','Av. de Pruebas 123',NULL,NULL,NULL,NULL,1,'2026-06-25 12:14:16'),(48,'75132300','ClienteQA','Edicion','987654321','clienteqa@gmail.com','Av. de Pruebas 123',NULL,NULL,NULL,NULL,1,'2026-06-25 12:14:16'),(49,'84247900','ClienteQA','Edicion','987654321','clienteqa@gmail.com','Av. de Pruebas 123',NULL,NULL,NULL,NULL,1,'2026-06-25 12:14:16'),(50,'91602000','ClienteQA','Edicion','999888777','clienteqa@gmail.com','Nueva direccion 456',NULL,NULL,NULL,NULL,1,'2026-06-25 12:14:16'),(51,'00163000','ZqxHistorialQA','Fixture','987654321','zqxhistorialqa@gmail.com','Av. de Pruebas 123',NULL,NULL,NULL,NULL,1,'2026-06-25 12:14:16'),(52,'07615500','ZqxSinHistorialQA','Fixture','987654321','zqxsinhistorialqa@gmail.com','Av. de Pruebas 123',NULL,NULL,NULL,NULL,1,'2026-06-25 12:14:16'),(53,'07656344','ClienteQA','Eliminacion','987654321','clienteqa@gmail.com','Av. de Pruebas 123',NULL,NULL,NULL,NULL,1,'2026-06-25 12:14:16'),(54,'07656348','ClienteQA','Eliminacion','987654321','clienteqa@gmail.com','Av. de Pruebas 123',NULL,NULL,NULL,NULL,0,'2026-06-25 12:14:16'),(55,'07656360','ClienteQA','PruebaAutomatizada','987654321','clienteqa@gmail.com','Av. de Pruebas 123','Cerca al parque',NULL,NULL,NULL,1,'2026-06-25 12:14:16'),(56,'07656362','ClienteQA','PruebaAutomatizada','987654321','clienteqa@gmail.com','Av. de Pruebas 123','Cerca al parque',NULL,NULL,NULL,1,'2026-06-25 12:14:16'),(57,'92019500','ZqxHistorialQA','Fixture','987654321','zqxhistorialqa@gmail.com','Av. de Pruebas 123',NULL,NULL,NULL,NULL,1,'2026-06-30 21:50:09'),(58,'00592700','ZqxSinHistorialQA','Fixture','987654321','zqxsinhistorialqa@gmail.com','Av. de Pruebas 123',NULL,NULL,NULL,NULL,1,'2026-06-30 21:50:09'),(59,'74209594','ClienteQA','Eliminacion','987654321','clienteqa@gmail.com','Av. de Pruebas 123',NULL,NULL,NULL,NULL,1,'2026-06-30 21:50:09'),(60,'74209600','ClienteQA','Eliminacion','987654321','clienteqa@gmail.com','Av. de Pruebas 123',NULL,NULL,NULL,NULL,0,'2026-06-30 21:50:09'),(61,'74209609','ClienteQA','PruebaAutomatizada','987654321','clienteqa@gmail.com','Av. de Pruebas 123','Cerca al parque',NULL,NULL,NULL,1,'2026-06-30 21:50:09'),(62,'74209612','ClienteQA','PruebaAutomatizada','987654321','clienteqa@gmail.com','Av. de Pruebas 123','Cerca al parque',NULL,NULL,NULL,1,'2026-06-30 21:50:09'),(63,'74209647','ZqxBuscarQA','Fixture','987654321','zqxbuscarqa@gmail.com','Av. de Pruebas 123',NULL,NULL,NULL,NULL,1,'2026-06-30 21:50:09'),(64,'39186900','ClienteQA','Edicion','987654321','clienteqa@gmail.com','Av. de Pruebas 123',NULL,NULL,NULL,NULL,1,'2026-06-30 21:50:09'),(65,'49230200','ClienteQA','Edicion','987654321','clienteqa@gmail.com','Av. de Pruebas 123',NULL,NULL,NULL,NULL,1,'2026-06-30 21:50:09'),(66,'55311800','ClienteQA','Edicion','999888777','clienteqa@gmail.com','Nueva direccion 456',NULL,NULL,NULL,NULL,1,'2026-06-30 21:50:09'),(67,'57184611','ZqxBuscarQA','Fixture','987654321','zqxbuscarqa@gmail.com','Av. de Pruebas 123',NULL,NULL,NULL,NULL,1,'2026-06-30 17:06:24'),(68,'71759600','ClienteQA','Edicion','987654321','clienteqa@gmail.com','Av. de Pruebas 123',NULL,NULL,NULL,NULL,1,'2026-06-30 17:06:24'),(69,'80967600','ClienteQA','Edicion','987654321','clienteqa@gmail.com','Av. de Pruebas 123',NULL,NULL,NULL,NULL,1,'2026-06-30 17:06:24'),(70,'87524400','ClienteQA','Edicion','999888777','clienteqa@gmail.com','Nueva direccion 456',NULL,NULL,NULL,NULL,1,'2026-06-30 17:06:24'),(71,'95928100','ZqxHistorialQA','Fixture','987654321','zqxhistorialqa@gmail.com','Av. de Pruebas 123',NULL,NULL,NULL,NULL,1,'2026-06-30 17:06:24'),(72,'04968100','ZqxSinHistorialQA','Fixture','987654321','zqxsinhistorialqa@gmail.com','Av. de Pruebas 123',NULL,NULL,NULL,NULL,1,'2026-06-30 17:06:24'),(73,'57184967','ClienteQA','Eliminacion','987654321','clienteqa@gmail.com','Av. de Pruebas 123',NULL,NULL,NULL,NULL,1,'2026-06-30 17:06:24'),(74,'57184970','ClienteQA','Eliminacion','987654321','clienteqa@gmail.com','Av. de Pruebas 123',NULL,NULL,NULL,NULL,0,'2026-06-30 17:06:24'),(75,'57184980','ClienteQA','PruebaAutomatizada','987654321','clienteqa@gmail.com','Av. de Pruebas 123','Cerca al parque',NULL,NULL,NULL,1,'2026-06-30 17:06:24'),(76,'57184982','ClienteQA','PruebaAutomatizada','987654321','clienteqa@gmail.com','Av. de Pruebas 123','Cerca al parque',NULL,NULL,NULL,1,'2026-06-30 17:06:24'),(77,'57255334','ZqxBuscarQA','Fixture','987654321','zqxbuscarqa@gmail.com','Av. de Pruebas 123',NULL,NULL,NULL,NULL,1,'2026-06-30 17:07:35'),(78,'05460500','ClienteQA','Edicion','987654321','clienteqa@gmail.com','Av. de Pruebas 123',NULL,NULL,NULL,NULL,1,'2026-06-30 17:07:35'),(79,'15536200','ClienteQA','Edicion','987654321','clienteqa@gmail.com','Av. de Pruebas 123',NULL,NULL,NULL,NULL,1,'2026-06-30 17:07:35'),(80,'24048300','ClienteQA','Edicion','999888777','clienteqa@gmail.com','Nueva direccion 456',NULL,NULL,NULL,NULL,1,'2026-06-30 17:07:35'),(81,'36659200','ZqxHistorialQA','Fixture','987654321','zqxhistorialqa@gmail.com','Av. de Pruebas 123',NULL,NULL,NULL,NULL,1,'2026-06-30 17:07:35'),(82,'47204600','ZqxSinHistorialQA','Fixture','987654321','zqxsinhistorialqa@gmail.com','Av. de Pruebas 123',NULL,NULL,NULL,NULL,1,'2026-06-30 17:07:35'),(83,'57255701','ClienteQA','Eliminacion','987654321','clienteqa@gmail.com','Av. de Pruebas 123',NULL,NULL,NULL,NULL,1,'2026-06-30 17:07:35'),(84,'57255705','ClienteQA','Eliminacion','987654321','clienteqa@gmail.com','Av. de Pruebas 123',NULL,NULL,NULL,NULL,0,'2026-06-30 17:07:35'),(85,'57255714','ClienteQA','PruebaAutomatizada','987654321','clienteqa@gmail.com','Av. de Pruebas 123','Cerca al parque',NULL,NULL,NULL,1,'2026-06-30 17:07:35'),(86,'57255715','ClienteQA','PruebaAutomatizada','987654321','clienteqa@gmail.com','Av. de Pruebas 123','Cerca al parque',NULL,NULL,NULL,1,'2026-06-30 17:07:35'),(87,'58010378','ZqxBuscarQA','Fixture','987654321','zqxbuscarqa@gmail.com','Av. de Pruebas 123',NULL,NULL,NULL,NULL,1,'2026-06-30 17:20:10'),(88,'54871600','ClienteQA','Edicion','987654321','clienteqa@gmail.com','Av. de Pruebas 123',NULL,NULL,NULL,NULL,1,'2026-06-30 17:20:10'),(89,'63889500','ClienteQA','Edicion','987654321','clienteqa@gmail.com','Av. de Pruebas 123',NULL,NULL,NULL,NULL,1,'2026-06-30 17:20:10'),(90,'70219800','ClienteQA','Edicion','999888777','clienteqa@gmail.com','Nueva direccion 456',NULL,NULL,NULL,NULL,1,'2026-06-30 17:20:10'),(91,'78299800','ZqxHistorialQA','Fixture','987654321','zqxhistorialqa@gmail.com','Av. de Pruebas 123',NULL,NULL,NULL,NULL,1,'2026-06-30 17:20:10'),(92,'86849800','ZqxSinHistorialQA','Fixture','987654321','zqxsinhistorialqa@gmail.com','Av. de Pruebas 123',NULL,NULL,NULL,NULL,1,'2026-06-30 17:20:10'),(93,'58010758','ClienteQA','Eliminacion','987654321','clienteqa@gmail.com','Av. de Pruebas 123',NULL,NULL,NULL,NULL,1,'2026-06-30 17:20:10'),(94,'58010760','ClienteQA','Eliminacion','987654321','clienteqa@gmail.com','Av. de Pruebas 123',NULL,NULL,NULL,NULL,0,'2026-06-30 17:20:10'),(95,'58010767','ClienteQA','PruebaAutomatizada','987654321','clienteqa@gmail.com','Av. de Pruebas 123','Cerca al parque',NULL,NULL,NULL,1,'2026-06-30 17:20:10'),(96,'58010768','ClienteQA','PruebaAutomatizada','987654321','clienteqa@gmail.com','Av. de Pruebas 123','Cerca al parque',NULL,NULL,NULL,1,'2026-06-30 17:20:10'),(97,'59990172','ZqxBuscarQA','Fixture','987654321','zqxbuscarqa@gmail.com','Av. de Pruebas 123',NULL,NULL,NULL,NULL,1,'2026-06-30 17:53:10'),(98,'55441800','ClienteQA','Edicion','987654321','clienteqa@gmail.com','Av. de Pruebas 123',NULL,NULL,NULL,NULL,1,'2026-06-30 17:53:10'),(99,'65469200','ClienteQA','Edicion','987654321','clienteqa@gmail.com','Av. de Pruebas 123',NULL,NULL,NULL,NULL,1,'2026-06-30 17:53:10'),(100,'72708000','ClienteQA','Edicion','999888777','clienteqa@gmail.com','Nueva direccion 456',NULL,NULL,NULL,NULL,1,'2026-06-30 17:53:10'),(101,'83251600','ZqxHistorialQA','Fixture','987654321','zqxhistorialqa@gmail.com','Av. de Pruebas 123',NULL,NULL,NULL,NULL,1,'2026-06-30 17:53:10'),(102,'94845900','ZqxSinHistorialQA','Fixture','987654321','zqxsinhistorialqa@gmail.com','Av. de Pruebas 123',NULL,NULL,NULL,NULL,1,'2026-06-30 17:53:10'),(103,'59990550','ClienteQA','Eliminacion','987654321','clienteqa@gmail.com','Av. de Pruebas 123',NULL,NULL,NULL,NULL,1,'2026-06-30 17:53:10'),(104,'59990554','ClienteQA','Eliminacion','987654321','clienteqa@gmail.com','Av. de Pruebas 123',NULL,NULL,NULL,NULL,0,'2026-06-30 17:53:10'),(105,'59990565','ClienteQA','PruebaAutomatizada','987654321','clienteqa@gmail.com','Av. de Pruebas 123','Cerca al parque',NULL,NULL,NULL,1,'2026-06-30 17:53:10'),(106,'59990566','ClienteQA','PruebaAutomatizada','987654321','clienteqa@gmail.com','Av. de Pruebas 123','Cerca al parque',NULL,NULL,NULL,1,'2026-06-30 17:53:10'),(107,'60536252','ZqxBuscarQA','Fixture','987654321','zqxbuscarqa@gmail.com','Av. de Pruebas 123',NULL,NULL,NULL,NULL,1,'2026-06-30 18:02:16'),(108,'39567900','ClienteQA','Edicion','987654321','clienteqa@gmail.com','Av. de Pruebas 123',NULL,NULL,NULL,NULL,1,'2026-06-30 18:02:16'),(109,'49091600','ClienteQA','Edicion','987654321','clienteqa@gmail.com','Av. de Pruebas 123',NULL,NULL,NULL,NULL,1,'2026-06-30 18:02:16'),(110,'58112500','ClienteQA','Edicion','999888777','clienteqa@gmail.com','Nueva direccion 456',NULL,NULL,NULL,NULL,1,'2026-06-30 18:02:16'),(111,'66149900','ZqxHistorialQA','Fixture','987654321','zqxhistorialqa@gmail.com','Av. de Pruebas 123',NULL,NULL,NULL,NULL,1,'2026-06-30 18:02:16'),(112,'74667600','ZqxSinHistorialQA','Fixture','987654321','zqxsinhistorialqa@gmail.com','Av. de Pruebas 123',NULL,NULL,NULL,NULL,1,'2026-06-30 18:02:16'),(113,'60536626','ClienteQA','Eliminacion','987654321','clienteqa@gmail.com','Av. de Pruebas 123',NULL,NULL,NULL,NULL,1,'2026-06-30 18:02:16'),(114,'60536630','ClienteQA','Eliminacion','987654321','clienteqa@gmail.com','Av. de Pruebas 123',NULL,NULL,NULL,NULL,0,'2026-06-30 18:02:16'),(115,'60536640','ClienteQA','PruebaAutomatizada','987654321','clienteqa@gmail.com','Av. de Pruebas 123','Cerca al parque',NULL,NULL,NULL,1,'2026-06-30 18:02:16'),(117,'90605600','ClienteQA','Edicion','987654321','clienteqa@gmail.com','Av. de Pruebas 123',NULL,NULL,NULL,NULL,1,'2026-06-30 18:10:36'),(118,'01962000','ClienteQA','Edicion','987654321','clienteqa@gmail.com','Av. de Pruebas 123',NULL,NULL,NULL,NULL,1,'2026-06-30 18:10:36'),(119,'08031400','ClienteQA','Edicion','999888777','clienteqa@gmail.com','Nueva direccion 456',NULL,NULL,NULL,NULL,1,'2026-06-30 18:10:36'),(120,'15695000','ZqxHistorialQA','Fixture','987654321','zqxhistorialqa@gmail.com','Av. de Pruebas 123',NULL,NULL,NULL,NULL,1,'2026-06-30 18:10:36'),(121,'24562500','ZqxSinHistorialQA','Fixture','987654321','zqxsinhistorialqa@gmail.com','Av. de Pruebas 123',NULL,NULL,NULL,NULL,1,'2026-06-30 18:10:36'),(122,'98777128','ZqxBuscarQA','Fixture','987654321','zqxbuscarqa@gmail.com','Av. de Pruebas 123',NULL,NULL,NULL,NULL,1,'2026-06-30 18:10:36'),(123,'98477601','ClienteQA','Eliminacion','987654321','clienteqa@gmail.com','Av. de Pruebas 123',NULL,NULL,NULL,NULL,1,'2026-06-30 18:10:36'),(124,'02055502','ClienteQA','Eliminacion','987654321','clienteqa@gmail.com','Av. de Pruebas 123',NULL,NULL,NULL,NULL,0,'2026-06-30 18:10:36'),(125,'41487101','ClienteQA','PruebaAutomatizada','987654321','clienteqa@gmail.com','Av. de Pruebas 123','Cerca al parque',NULL,NULL,NULL,1,'2026-06-30 18:10:36'),(126,'43508902','ClienteQA','PruebaAutomatizada','987654321','clienteqa@gmail.com','Av. de Pruebas 123','Cerca al parque',NULL,NULL,NULL,1,'2026-06-30 18:10:36'),(127,'83175500','ClienteQA','Edicion','987654321','clienteqa@gmail.com','Av. de Pruebas 123',NULL,NULL,NULL,NULL,1,'2026-06-30 18:15:59'),(128,'94244600','ClienteQA','Edicion','987654321','clienteqa@gmail.com','Av. de Pruebas 123',NULL,NULL,NULL,NULL,1,'2026-06-30 18:16:00'),(129,'02248800','ClienteQA','Edicion','999888777','clienteqa@gmail.com','Nueva direccion 456',NULL,NULL,NULL,NULL,1,'2026-06-30 18:16:00'),(130,'12274000','ZqxHistorialQA','Fixture','987654321','zqxhistorialqa@gmail.com','Av. de Pruebas 123',NULL,NULL,NULL,NULL,1,'2026-06-30 18:16:00'),(131,'22261900','ZqxSinHistorialQA','Fixture','987654321','zqxsinhistorialqa@gmail.com','Av. de Pruebas 123',NULL,NULL,NULL,NULL,1,'2026-06-30 18:16:00'),(132,'83570611','ZqxBuscarQA','Fixture','987654321','zqxbuscarqa@gmail.com','Av. de Pruebas 123',NULL,NULL,NULL,NULL,1,'2026-06-30 18:16:00'),(133,'64340001','ClienteQA','Eliminacion','987654321','clienteqa@gmail.com','Av. de Pruebas 123',NULL,NULL,NULL,NULL,1,'2026-06-30 18:16:00'),(134,'67183202','ClienteQA','Eliminacion','987654321','clienteqa@gmail.com','Av. de Pruebas 123',NULL,NULL,NULL,NULL,0,'2026-06-30 18:16:00'),(135,'97159701','ClienteQA','PruebaAutomatizada','987654321','clienteqa@gmail.com','Av. de Pruebas 123','Cerca al parque',NULL,NULL,NULL,1,'2026-06-30 18:16:00'),(136,'98875402','ClienteQA','PruebaAutomatizada','987654321','clienteqa@gmail.com','Av. de Pruebas 123','Cerca al parque',NULL,NULL,NULL,1,'2026-06-30 18:16:00'),(137,'30296500','ClienteQA','Edicion','987654321','clienteqa@gmail.com','Av. de Pruebas 123',NULL,NULL,NULL,NULL,1,'2026-06-30 18:17:46'),(138,'41866100','ClienteQA','Edicion','987654321','clienteqa@gmail.com','Av. de Pruebas 123',NULL,NULL,NULL,NULL,1,'2026-06-30 18:17:46'),(139,'48312600','ClienteQA','Edicion','999888777','clienteqa@gmail.com','Nueva direccion 456',NULL,NULL,NULL,NULL,1,'2026-06-30 18:17:46'),(140,'55749700','ZqxHistorialQA','Fixture','987654321','zqxhistorialqa@gmail.com','Av. de Pruebas 123',NULL,NULL,NULL,NULL,1,'2026-06-30 18:17:46'),(141,'65874700','ZqxSinHistorialQA','Fixture','987654321','zqxsinhistorialqa@gmail.com','Av. de Pruebas 123',NULL,NULL,NULL,NULL,1,'2026-06-30 18:17:46'),(142,'41988053','ZqxBuscarQA','Fixture','987654321','zqxbuscarqa@gmail.com','Av. de Pruebas 123',NULL,NULL,NULL,NULL,1,'2026-06-30 18:17:46'),(143,'49247301','ClienteQA','Eliminacion','987654321','clienteqa@gmail.com','Av. de Pruebas 123',NULL,NULL,NULL,NULL,1,'2026-06-30 18:17:46'),(144,'53752102','ClienteQA','Eliminacion','987654321','clienteqa@gmail.com','Av. de Pruebas 123',NULL,NULL,NULL,NULL,0,'2026-06-30 18:17:46'),(145,'90210901','ClienteQA','PruebaAutomatizada','987654321','clienteqa@gmail.com','Av. de Pruebas 123','Cerca al parque',NULL,NULL,NULL,1,'2026-06-30 18:17:46'),(146,'92058702','ClienteQA','PruebaAutomatizada','987654321','clienteqa@gmail.com','Av. de Pruebas 123','Cerca al parque',NULL,NULL,NULL,1,'2026-06-30 18:17:46');
/*!40000 ALTER TABLE `tb_cliente` ENABLE KEYS */;
UNLOCK TABLES;

--
-- Table structure for table `tb_especialidad`
--

DROP TABLE IF EXISTS `tb_especialidad`;
/*!40101 SET @saved_cs_client     = @@character_set_client */;
/*!50503 SET character_set_client = utf8mb4 */;
CREATE TABLE `tb_especialidad` (
  `id_especialidad` int NOT NULL AUTO_INCREMENT,
  `nombre` varchar(100) COLLATE utf8mb4_unicode_ci NOT NULL,
  `descripcion` varchar(255) COLLATE utf8mb4_unicode_ci DEFAULT NULL,
  `estado` tinyint(1) NOT NULL DEFAULT '1',
  PRIMARY KEY (`id_especialidad`)
) ENGINE=InnoDB AUTO_INCREMENT=6 DEFAULT CHARSET=utf8mb4 COLLATE=utf8mb4_unicode_ci;
/*!40101 SET character_set_client = @saved_cs_client */;

--
-- Dumping data for table `tb_especialidad`
--

LOCK TABLES `tb_especialidad` WRITE;
/*!40000 ALTER TABLE `tb_especialidad` DISABLE KEYS */;
INSERT INTO `tb_especialidad` VALUES (1,'Fibra Óptica','Instalación y reparación de fibra óptica',1),(2,'Redes LAN/WAN','Configuración de redes locales y de área amplia',1),(3,'Soporte Técnico','Soporte general y mantenimiento de equipos',1),(4,'Antenas y RF','Instalación de antenas y señal de radiofrecuencia',1),(5,'Cableado Estructurado','Tendido y certificación de cableado',1);
/*!40000 ALTER TABLE `tb_especialidad` ENABLE KEYS */;
UNLOCK TABLES;

--
-- Table structure for table `tb_horario`
--

DROP TABLE IF EXISTS `tb_horario`;
/*!40101 SET @saved_cs_client     = @@character_set_client */;
/*!50503 SET character_set_client = utf8mb4 */;
CREATE TABLE `tb_horario` (
  `id_horario` int NOT NULL AUTO_INCREMENT,
  `id_tecnico` int NOT NULL,
  `dia_semana` tinyint NOT NULL,
  `hora_inicio` time NOT NULL,
  `hora_fin` time NOT NULL,
  `activo` tinyint(1) NOT NULL DEFAULT '1',
  PRIMARY KEY (`id_horario`),
  KEY `fk_horario_tecnico` (`id_tecnico`),
  CONSTRAINT `fk_horario_tecnico` FOREIGN KEY (`id_tecnico`) REFERENCES `tb_tecnico` (`id_tecnico`) ON DELETE CASCADE
) ENGINE=InnoDB AUTO_INCREMENT=175 DEFAULT CHARSET=utf8mb4 COLLATE=utf8mb4_unicode_ci;
/*!40101 SET character_set_client = @saved_cs_client */;

--
-- Dumping data for table `tb_horario`
--

LOCK TABLES `tb_horario` WRITE;
/*!40000 ALTER TABLE `tb_horario` DISABLE KEYS */;
INSERT INTO `tb_horario` VALUES (31,2,1,'08:00:00','19:00:00',1),(32,2,2,'08:00:00','19:00:00',1),(33,2,3,'08:00:00','19:00:00',1),(34,2,4,'08:00:00','19:00:00',1),(35,2,5,'08:00:00','19:00:00',1),(36,3,1,'08:00:00','19:00:00',1),(37,3,2,'08:00:00','19:00:00',1),(38,3,3,'08:00:00','19:00:00',1),(39,3,4,'08:00:00','19:00:00',1),(40,3,5,'08:00:00','19:00:00',1),(41,4,1,'08:00:00','19:00:00',1),(42,4,2,'08:00:00','19:00:00',1),(43,4,3,'08:00:00','19:00:00',1),(44,4,4,'08:00:00','19:00:00',1),(45,4,5,'08:00:00','19:00:00',1),(51,1,1,'08:00:00','19:00:00',1),(52,1,2,'08:00:00','19:00:00',1),(53,1,3,'08:00:00','19:00:00',1),(54,1,4,'08:00:00','19:00:00',1),(55,1,5,'08:00:00','19:00:00',1),(71,5,1,'08:00:00','19:00:00',1),(72,5,2,'08:00:00','19:00:00',1),(73,5,3,'08:00:00','19:00:00',1),(74,5,4,'08:00:00','19:00:00',1),(75,5,5,'08:00:00','19:00:00',1),(76,18,1,'08:00:00','17:00:00',1),(77,18,2,'08:00:00','17:00:00',1),(78,18,3,'08:00:00','17:00:00',1),(79,18,4,'08:00:00','17:00:00',1),(80,18,5,'08:00:00','17:00:00',1),(86,19,1,'09:00:00','18:00:00',1),(87,27,1,'08:00:00','17:00:00',1),(88,27,2,'08:00:00','17:00:00',1),(89,27,3,'08:00:00','17:00:00',1),(90,27,4,'08:00:00','17:00:00',1),(91,27,5,'08:00:00','17:00:00',1),(97,28,1,'09:00:00','18:00:00',1),(98,36,1,'08:00:00','17:00:00',1),(99,36,2,'08:00:00','17:00:00',1),(100,36,3,'08:00:00','17:00:00',1),(101,36,4,'08:00:00','17:00:00',1),(102,36,5,'08:00:00','17:00:00',1),(108,37,1,'09:00:00','18:00:00',1),(109,45,1,'08:00:00','17:00:00',1),(110,45,2,'08:00:00','17:00:00',1),(111,45,3,'08:00:00','17:00:00',1),(112,45,4,'08:00:00','17:00:00',1),(113,45,5,'08:00:00','17:00:00',1),(119,46,1,'09:00:00','18:00:00',1),(120,54,1,'08:00:00','17:00:00',1),(121,54,2,'08:00:00','17:00:00',1),(122,54,3,'08:00:00','17:00:00',1),(123,54,4,'08:00:00','17:00:00',1),(124,54,5,'08:00:00','17:00:00',1),(130,55,1,'09:00:00','18:00:00',1),(131,63,1,'08:00:00','17:00:00',1),(132,63,2,'08:00:00','17:00:00',1),(133,63,3,'08:00:00','17:00:00',1),(134,63,4,'08:00:00','17:00:00',1),(135,63,5,'08:00:00','17:00:00',1),(141,64,1,'09:00:00','18:00:00',1),(142,70,1,'08:00:00','17:00:00',1),(143,70,2,'08:00:00','17:00:00',1),(144,70,3,'08:00:00','17:00:00',1),(145,70,4,'08:00:00','17:00:00',1),(146,70,5,'08:00:00','17:00:00',1),(152,71,1,'09:00:00','18:00:00',1),(153,79,1,'08:00:00','17:00:00',1),(154,79,2,'08:00:00','17:00:00',1),(155,79,3,'08:00:00','17:00:00',1),(156,79,4,'08:00:00','17:00:00',1),(157,79,5,'08:00:00','17:00:00',1),(163,80,1,'09:00:00','18:00:00',1),(164,88,1,'08:00:00','17:00:00',1),(165,88,2,'08:00:00','17:00:00',1),(166,88,3,'08:00:00','17:00:00',1),(167,88,4,'08:00:00','17:00:00',1),(168,88,5,'08:00:00','17:00:00',1),(174,89,1,'09:00:00','18:00:00',1);
/*!40000 ALTER TABLE `tb_horario` ENABLE KEYS */;
UNLOCK TABLES;

--
-- Table structure for table `tb_recuperacion_password`
--

DROP TABLE IF EXISTS `tb_recuperacion_password`;
/*!40101 SET @saved_cs_client     = @@character_set_client */;
/*!50503 SET character_set_client = utf8mb4 */;
CREATE TABLE `tb_recuperacion_password` (
  `id_token` int NOT NULL AUTO_INCREMENT,
  `id_usuario` int NOT NULL,
  `token` varchar(64) COLLATE utf8mb4_unicode_ci NOT NULL,
  `fecha_expiracion` datetime NOT NULL,
  `usado` tinyint(1) NOT NULL DEFAULT '0',
  `fecha_creacion` datetime NOT NULL DEFAULT CURRENT_TIMESTAMP,
  PRIMARY KEY (`id_token`),
  UNIQUE KEY `uk_token` (`token`),
  KEY `id_usuario` (`id_usuario`),
  CONSTRAINT `tb_recuperacion_password_ibfk_1` FOREIGN KEY (`id_usuario`) REFERENCES `tb_usuario` (`id_usuario`)
) ENGINE=InnoDB DEFAULT CHARSET=utf8mb4 COLLATE=utf8mb4_unicode_ci;
/*!40101 SET character_set_client = @saved_cs_client */;

--
-- Dumping data for table `tb_recuperacion_password`
--

LOCK TABLES `tb_recuperacion_password` WRITE;
/*!40000 ALTER TABLE `tb_recuperacion_password` DISABLE KEYS */;
/*!40000 ALTER TABLE `tb_recuperacion_password` ENABLE KEYS */;
UNLOCK TABLES;

--
-- Table structure for table `tb_solicitud`
--

DROP TABLE IF EXISTS `tb_solicitud`;
/*!40101 SET @saved_cs_client     = @@character_set_client */;
/*!50503 SET character_set_client = utf8mb4 */;
CREATE TABLE `tb_solicitud` (
  `id_solicitud` int NOT NULL AUTO_INCREMENT,
  `id_cliente` int NOT NULL,
  `id_tipo_servicio` int NOT NULL,
  `descripcion` text COLLATE utf8mb4_unicode_ci,
  `prioridad` enum('BAJA','MEDIA','ALTA','CRITICA') COLLATE utf8mb4_unicode_ci NOT NULL DEFAULT 'MEDIA',
  `fecha_registro` datetime NOT NULL DEFAULT CURRENT_TIMESTAMP,
  `fecha_solicitada` date DEFAULT NULL,
  `horario_preferido` varchar(50) COLLATE utf8mb4_unicode_ci DEFAULT NULL,
  `estado` enum('PENDIENTE','ASIGNADA','EN_PROCESO','COMPLETADA','CANCELADA','REPROGRAMADA') COLLATE utf8mb4_unicode_ci NOT NULL DEFAULT 'PENDIENTE',
  `observaciones` text COLLATE utf8mb4_unicode_ci,
  PRIMARY KEY (`id_solicitud`),
  KEY `fk_solicitud_cliente` (`id_cliente`),
  KEY `fk_solicitud_tipo` (`id_tipo_servicio`),
  CONSTRAINT `fk_solicitud_cliente` FOREIGN KEY (`id_cliente`) REFERENCES `tb_cliente` (`id_cliente`),
  CONSTRAINT `fk_solicitud_tipo` FOREIGN KEY (`id_tipo_servicio`) REFERENCES `tb_tipo_servicio` (`id_tipo_servicio`)
) ENGINE=InnoDB AUTO_INCREMENT=353 DEFAULT CHARSET=utf8mb4 COLLATE=utf8mb4_unicode_ci;
/*!40101 SET character_set_client = @saved_cs_client */;

--
-- Dumping data for table `tb_solicitud`
--

LOCK TABLES `tb_solicitud` WRITE;
/*!40000 ALTER TABLE `tb_solicitud` DISABLE KEYS */;
INSERT INTO `tb_solicitud` VALUES (1,4,4,'','MEDIA','2026-05-11 23:47:41','2026-05-11','08:00','CANCELADA',''),(2,3,1,'','MEDIA','2026-05-11 23:47:50','2026-05-12','08:00','COMPLETADA',''),(3,1,2,'','BAJA','2026-05-12 01:59:35','2026-05-12','08:00','COMPLETADA',''),(4,2,3,'','MEDIA','2026-05-12 01:59:42','2026-05-12','08:00','COMPLETADA',''),(5,4,1,'','CRITICA','2026-05-12 02:01:11','2026-05-12','12:00','COMPLETADA',''),(6,3,3,'','MEDIA','2026-05-12 02:01:44','2026-05-12','08:00','COMPLETADA',''),(7,3,1,'','MEDIA','2026-05-12 02:02:36','2026-05-12','08:00','COMPLETADA',''),(8,3,1,'','MEDIA','2026-05-12 02:10:33','2026-05-13','17:00','COMPLETADA',''),(9,1,3,'','CRITICA','2026-05-13 11:12:16','2026-05-13','11:00','COMPLETADA',''),(10,1,5,'','MEDIA','2026-05-13 11:15:19','2026-05-13','08:00','CANCELADA',''),(11,1,1,'','CRITICA','2026-05-13 11:34:00','2026-05-13','17:00','COMPLETADA',''),(12,2,2,'','ALTA','2026-05-13 15:24:35','2026-05-13','17:00','CANCELADA',''),(13,2,2,'','MEDIA','2026-05-13 15:27:37','2026-05-13','17:00','CANCELADA',''),(14,3,1,'','MEDIA','2026-06-02 02:12:29','2026-06-02','08:00','COMPLETADA',''),(15,1,1,'','MEDIA','2026-06-02 02:12:34','2026-06-02','08:00','COMPLETADA',''),(16,2,4,'','MEDIA','2026-06-02 02:12:38','2026-06-02','08:00','COMPLETADA',''),(17,1,2,'','MEDIA','2026-06-02 02:12:44','2026-06-02','08:00','COMPLETADA',''),(18,2,5,'','MEDIA','2026-06-02 02:13:06','2026-06-02','08:00','COMPLETADA',''),(19,3,1,'','MEDIA','2026-06-02 02:20:54','2026-06-02','12:00','COMPLETADA',''),(20,1,5,'','MEDIA','2026-06-02 02:20:57','2026-06-02','12:00','COMPLETADA',''),(21,2,2,'','MEDIA','2026-06-02 02:21:01','2026-06-02','12:00','COMPLETADA',''),(22,2,2,'','MEDIA','2026-06-02 02:21:07','2026-06-02','12:00','COMPLETADA',''),(23,2,2,'','MEDIA','2026-06-02 02:21:35','2026-06-02','17:00','COMPLETADA',''),(24,2,1,'','MEDIA','2026-06-02 02:21:39','2026-06-02','17:00','COMPLETADA',''),(25,1,1,'','MEDIA','2026-06-02 02:21:42','2026-06-02','17:00','COMPLETADA',''),(26,2,2,'','MEDIA','2026-06-02 02:22:38','2026-06-02','17:00','COMPLETADA',''),(27,1,3,'','MEDIA','2026-06-08 03:01:06','2026-06-08','08:00','COMPLETADA',''),(28,5,2,'','MEDIA','2026-06-08 05:00:02','2026-06-08','08:00','COMPLETADA',''),(29,2,2,'','MEDIA','2026-06-08 05:08:31','2026-06-08','08:00','COMPLETADA',''),(30,5,2,'','MEDIA','2026-06-08 05:12:58','2026-06-08','08:00','COMPLETADA',''),(31,2,2,'','MEDIA','2026-06-08 13:43:52','2026-06-08','17:00','COMPLETADA',''),(32,3,2,'','MEDIA','2026-06-08 13:48:14','2026-06-08','17:00','COMPLETADA',''),(33,2,2,'','MEDIA','2026-06-08 13:48:18','2026-06-08','17:00','COMPLETADA',''),(34,2,2,'','MEDIA','2026-06-08 13:48:21','2026-06-08','17:00','COMPLETADA',''),(42,1,1,'','MEDIA','2026-06-08 19:19:10','2026-06-18','08:00','COMPLETADA',''),(43,1,5,'','MEDIA','2026-06-09 14:28:10','2026-06-09','17:00','COMPLETADA',''),(44,4,5,'','MEDIA','2026-06-09 14:28:28','2026-06-09','17:00','COMPLETADA',''),(45,3,3,'','MEDIA','2026-06-09 14:46:08','2026-06-09','17:00','COMPLETADA',''),(46,1,1,'','MEDIA','2026-06-09 14:54:53','2026-06-19','08:00','COMPLETADA',''),(47,5,5,'','MEDIA','2026-06-09 21:47:53','2026-06-10','08:00','COMPLETADA',''),(48,1,5,'','MEDIA','2026-06-09 22:31:40','2026-06-10','08:00','COMPLETADA',''),(49,3,4,'','MEDIA','2026-06-09 22:31:57','2026-06-10','12:00','COMPLETADA',''),(50,1,5,'','MEDIA','2026-06-09 22:32:05','2026-06-10','17:00','COMPLETADA',''),(51,1,5,'','ALTA','2026-06-10 14:56:19','2026-06-11','17:00','COMPLETADA',''),(52,1,5,'','MEDIA','2026-06-10 14:57:10','2026-06-11','08:00','COMPLETADA',''),(53,4,4,'','MEDIA','2026-06-10 14:58:16','2026-06-11','08:00','COMPLETADA',''),(54,5,2,'','MEDIA','2026-06-10 14:59:42','2026-06-11','08:00','COMPLETADA',''),(55,11,1,'Servicio histórico QA','BAJA','2026-06-21 04:34:34',NULL,NULL,'COMPLETADA',NULL),(56,13,1,'Servicio de prueba QA','MEDIA','2026-06-21 04:34:34',NULL,NULL,'ASIGNADA',NULL),(57,21,1,'Servicio histórico QA','BAJA','2026-06-24 14:40:34',NULL,NULL,'COMPLETADA',NULL),(58,23,1,'Servicio de prueba QA','MEDIA','2026-06-24 14:40:34',NULL,NULL,'ASIGNADA',NULL),(59,7,1,'QA RF17 fixture estado PENDIENTE','MEDIA','2026-06-25 12:13:14','2026-06-26','09:00','CANCELADA','Motivo de prueba QA RF17'),(60,7,1,'QA RF17 fixture estado PENDIENTE','MEDIA','2026-06-25 12:13:14','2026-06-26','09:00','COMPLETADA',NULL),(61,7,1,'QA RF17 fixture estado CANCELADA','MEDIA','2026-06-25 12:13:14','2026-06-26','09:00','CANCELADA',NULL),(62,7,1,'QA RF17 fixture estado COMPLETADA','MEDIA','2026-06-25 12:13:14','2026-06-26','09:00','COMPLETADA',NULL),(63,7,1,'Solicitud QA automatizada RF15','MEDIA','2026-06-25 12:13:14','2026-06-26','09:00','COMPLETADA',NULL),(64,7,1,'QA RF22 fixture','ALTA','2026-06-25 12:13:14','2026-06-26','09:00','COMPLETADA',NULL),(65,7,1,'QA RF22 fixture','ALTA','2026-06-25 12:13:14','2026-06-26','09:00','COMPLETADA',NULL),(66,7,1,'QA RF22 fixture','ALTA','2026-06-25 12:13:14','2026-06-26','09:00','COMPLETADA',NULL),(67,7,1,'Descripcion editada por QA','ALTA','2026-06-25 12:13:14','2026-06-28','11:00','COMPLETADA',NULL),(68,31,1,'Servicio histórico QA','BAJA','2026-06-25 12:13:14',NULL,NULL,'COMPLETADA',NULL),(69,7,1,'QA RF23','MEDIA','2026-06-25 12:13:14','2026-06-26','10:00','COMPLETADA',NULL),(70,7,1,'QA RF23','MEDIA','2026-06-25 12:13:14','2026-06-26','10:00','COMPLETADA',NULL),(71,7,1,'QA RF23','MEDIA','2026-06-25 12:13:14','2026-06-26','10:00','COMPLETADA',NULL),(72,7,1,'QA RF25','MEDIA','2026-06-25 12:13:15','2026-06-26','09:00','COMPLETADA',NULL),(73,7,1,'QA RF25','MEDIA','2026-06-25 12:13:15','2026-06-26','09:00','COMPLETADA',NULL),(74,7,1,'QA RF25','MEDIA','2026-06-25 12:13:15','2026-06-26','09:00','COMPLETADA',NULL),(75,7,1,'QA RF25','MEDIA','2026-06-25 12:13:15','2026-06-26','09:00','COMPLETADA',NULL),(76,33,1,'Servicio de prueba QA','MEDIA','2026-06-25 12:13:15',NULL,NULL,'ASIGNADA',NULL),(77,7,1,'QA RF24','ALTA','2026-06-25 12:13:15','2026-06-26','11:00','COMPLETADA',NULL),(78,7,1,'QA RF24','ALTA','2026-06-25 12:13:15','2026-06-26','11:00','COMPLETADA',NULL),(79,7,1,'QA RF17 fixture estado PENDIENTE','MEDIA','2026-06-25 12:13:39','2026-06-26','09:00','CANCELADA','Motivo de prueba QA RF17'),(80,7,1,'QA RF17 fixture estado PENDIENTE','MEDIA','2026-06-25 12:13:39','2026-06-26','09:00','COMPLETADA',NULL),(81,7,1,'QA RF17 fixture estado CANCELADA','MEDIA','2026-06-25 12:13:39','2026-06-26','09:00','CANCELADA',NULL),(82,7,1,'QA RF17 fixture estado COMPLETADA','MEDIA','2026-06-25 12:13:39','2026-06-26','09:00','COMPLETADA',NULL),(83,7,1,'Solicitud QA automatizada RF15','MEDIA','2026-06-25 12:13:39','2026-06-26','09:00','COMPLETADA',NULL),(84,7,1,'QA RF22 fixture','ALTA','2026-06-25 12:13:39','2026-06-26','09:00','COMPLETADA',NULL),(85,7,1,'QA RF22 fixture','ALTA','2026-06-25 12:13:39','2026-06-26','09:00','COMPLETADA',NULL),(86,7,1,'QA RF22 fixture','ALTA','2026-06-25 12:13:39','2026-06-26','09:00','COMPLETADA',NULL),(87,7,1,'Descripcion editada por QA','ALTA','2026-06-25 12:13:39','2026-06-28','11:00','COMPLETADA',NULL),(88,41,1,'Servicio histórico QA','BAJA','2026-06-25 12:13:39',NULL,NULL,'COMPLETADA',NULL),(89,7,1,'QA RF23','MEDIA','2026-06-25 12:13:39','2026-06-26','10:00','COMPLETADA',NULL),(90,7,1,'QA RF23','MEDIA','2026-06-25 12:13:39','2026-06-26','10:00','COMPLETADA',NULL),(91,7,1,'QA RF23','MEDIA','2026-06-25 12:13:39','2026-06-26','10:00','COMPLETADA',NULL),(92,7,1,'QA RF25','MEDIA','2026-06-25 12:13:39','2026-06-26','09:00','COMPLETADA',NULL),(93,7,1,'QA RF25','MEDIA','2026-06-25 12:13:39','2026-06-26','09:00','COMPLETADA',NULL),(94,7,1,'QA RF25','MEDIA','2026-06-25 12:13:39','2026-06-26','09:00','COMPLETADA',NULL),(95,7,1,'QA RF25','MEDIA','2026-06-25 12:13:39','2026-06-26','09:00','COMPLETADA',NULL),(96,43,1,'Servicio de prueba QA','MEDIA','2026-06-25 12:13:39',NULL,NULL,'ASIGNADA',NULL),(97,7,1,'QA RF24','ALTA','2026-06-25 12:13:39','2026-06-26','11:00','COMPLETADA',NULL),(98,7,1,'QA RF24','ALTA','2026-06-25 12:13:39','2026-06-26','11:00','COMPLETADA',NULL),(99,7,1,'QA RF17 fixture estado PENDIENTE','MEDIA','2026-06-25 12:14:15','2026-06-26','09:00','CANCELADA','Motivo de prueba QA RF17'),(100,7,1,'QA RF17 fixture estado PENDIENTE','MEDIA','2026-06-25 12:14:15','2026-06-26','09:00','COMPLETADA',NULL),(101,7,1,'QA RF17 fixture estado CANCELADA','MEDIA','2026-06-25 12:14:15','2026-06-26','09:00','CANCELADA',NULL),(102,7,1,'QA RF17 fixture estado COMPLETADA','MEDIA','2026-06-25 12:14:15','2026-06-26','09:00','COMPLETADA',NULL),(103,7,1,'Solicitud QA automatizada RF15','MEDIA','2026-06-25 12:14:15','2026-06-26','09:00','COMPLETADA',NULL),(104,7,1,'QA RF22 fixture','ALTA','2026-06-25 12:14:16','2026-06-26','09:00','COMPLETADA',NULL),(105,7,1,'QA RF22 fixture','ALTA','2026-06-25 12:14:16','2026-06-26','09:00','COMPLETADA',NULL),(106,7,1,'QA RF22 fixture','ALTA','2026-06-25 12:14:16','2026-06-26','09:00','COMPLETADA',NULL),(107,7,1,'Descripcion editada por QA','ALTA','2026-06-25 12:14:16','2026-06-28','11:00','COMPLETADA',NULL),(108,51,1,'Servicio histórico QA','BAJA','2026-06-25 12:14:16',NULL,NULL,'COMPLETADA',NULL),(109,7,1,'QA RF23','MEDIA','2026-06-25 12:14:16','2026-06-26','10:00','COMPLETADA',NULL),(110,7,1,'QA RF23','MEDIA','2026-06-25 12:14:16','2026-06-26','10:00','COMPLETADA',NULL),(111,7,1,'QA RF23','MEDIA','2026-06-25 12:14:16','2026-06-26','10:00','COMPLETADA',NULL),(112,7,1,'QA RF25','MEDIA','2026-06-25 12:14:16','2026-06-26','09:00','COMPLETADA',NULL),(113,7,1,'QA RF25','MEDIA','2026-06-25 12:14:16','2026-06-26','09:00','COMPLETADA',NULL),(114,7,1,'QA RF25','MEDIA','2026-06-25 12:14:16','2026-06-26','09:00','COMPLETADA',NULL),(115,7,1,'QA RF25','MEDIA','2026-06-25 12:14:16','2026-06-26','09:00','COMPLETADA',NULL),(116,53,1,'Servicio de prueba QA','MEDIA','2026-06-25 12:14:16',NULL,NULL,'ASIGNADA',NULL),(117,7,1,'QA RF24','ALTA','2026-06-25 12:14:16','2026-06-26','11:00','COMPLETADA',NULL),(118,7,1,'QA RF24','ALTA','2026-06-25 12:14:16','2026-06-26','11:00','COMPLETADA',NULL),(119,7,1,'QA RF17 fixture estado PENDIENTE','MEDIA','2026-06-30 21:50:08','2026-07-01','09:00','CANCELADA','Motivo de prueba QA RF17'),(120,7,1,'QA RF17 fixture estado PENDIENTE','MEDIA','2026-06-30 21:50:08','2026-07-01','09:00','COMPLETADA',NULL),(121,7,1,'QA RF17 fixture estado CANCELADA','MEDIA','2026-06-30 21:50:08','2026-07-01','09:00','CANCELADA',NULL),(122,7,1,'QA RF17 fixture estado COMPLETADA','MEDIA','2026-06-30 21:50:08','2026-07-01','09:00','COMPLETADA',NULL),(123,7,1,'QA RF32 masiva CRITICA','CRITICA','2026-06-30 21:50:08','2026-07-01','09:00','COMPLETADA',NULL),(124,7,1,'QA RF32 masiva BAJA','BAJA','2026-06-30 21:50:08','2026-07-01','10:00','COMPLETADA',NULL),(125,7,1,'QA RF22 fixture','ALTA','2026-06-30 21:50:09','2026-07-01','09:00','COMPLETADA',NULL),(126,7,1,'QA RF22 fixture','ALTA','2026-06-30 21:50:09','2026-07-01','09:00','COMPLETADA',NULL),(127,7,1,'QA RF22 fixture','ALTA','2026-06-30 21:50:09','2026-07-01','09:00','COMPLETADA',NULL),(128,57,1,'Servicio histórico QA','BAJA','2026-06-30 21:50:09',NULL,NULL,'COMPLETADA',NULL),(129,7,1,'QA RF25','MEDIA','2026-06-30 21:50:09','2026-07-01','09:00','COMPLETADA',NULL),(130,7,1,'QA RF25','MEDIA','2026-06-30 21:50:09','2026-07-01','09:00','COMPLETADA',NULL),(131,7,1,'QA RF25','MEDIA','2026-06-30 21:50:09','2026-07-01','09:00','COMPLETADA',NULL),(132,7,1,'QA RF25','MEDIA','2026-06-30 21:50:09','2026-07-01','09:00','COMPLETADA',NULL),(133,59,1,'Servicio de prueba QA','MEDIA','2026-06-30 21:50:09',NULL,NULL,'ASIGNADA',NULL),(134,7,1,'Solicitud QA automatizada RF15','MEDIA','2026-06-30 21:50:09','2026-07-01','09:00','COMPLETADA',NULL),(135,7,1,'QA RF38 alerta hoy','ALTA','2026-06-30 21:50:09','2026-06-30','09:00','COMPLETADA',NULL),(136,7,1,'Descripcion editada por QA','ALTA','2026-06-30 21:50:09','2026-07-03','11:00','PENDIENTE',NULL),(137,7,1,'QA RF37 auto terminar','BAJA','2026-06-30 21:50:09','2026-06-29','09:00','COMPLETADA',NULL),(138,7,1,'QA RF39','ALTA','2026-06-30 21:50:09','2026-07-01','09:00','COMPLETADA',NULL),(139,7,1,'QA RF42 demorado sin tiempo estimado','ALTA','2026-06-30 21:50:09','2026-06-28','09:00','COMPLETADA',NULL),(140,7,1,'QA RF23','MEDIA','2026-06-30 21:50:09','2026-07-01','10:00','COMPLETADA',NULL),(141,7,1,'QA RF23','MEDIA','2026-06-30 21:50:09','2026-07-01','10:00','COMPLETADA',NULL),(142,7,1,'QA RF23','MEDIA','2026-06-30 21:50:09','2026-07-01','10:00','COMPLETADA',NULL),(143,7,1,'QA RF24','ALTA','2026-06-30 21:50:09','2026-07-01','11:00','COMPLETADA',NULL),(144,7,1,'QA RF24','ALTA','2026-06-30 21:50:09','2026-07-01','11:00','COMPLETADA',NULL),(145,7,1,'QA RF17 fixture estado PENDIENTE','MEDIA','2026-06-30 17:06:24','2026-07-01','09:00','CANCELADA','Motivo de prueba QA RF17'),(146,7,1,'QA RF17 fixture estado PENDIENTE','MEDIA','2026-06-30 17:06:24','2026-07-01','09:00','COMPLETADA',NULL),(147,7,1,'QA RF17 fixture estado CANCELADA','MEDIA','2026-06-30 17:06:24','2026-07-01','09:00','CANCELADA',NULL),(148,7,1,'QA RF17 fixture estado COMPLETADA','MEDIA','2026-06-30 17:06:24','2026-07-01','09:00','COMPLETADA',NULL),(149,7,1,'Solicitud QA automatizada RF15','MEDIA','2026-06-30 17:06:24','2026-07-01','09:00','COMPLETADA',NULL),(150,7,1,'QA RF38 alerta hoy','ALTA','2026-06-30 17:06:24','2026-06-30','09:00','COMPLETADA',NULL),(151,7,1,'QA RF32 masiva CRITICA','CRITICA','2026-06-30 17:06:24','2026-07-01','09:00','COMPLETADA',NULL),(152,7,1,'QA RF32 masiva BAJA','BAJA','2026-06-30 17:06:24','2026-07-01','10:00','COMPLETADA',NULL),(153,7,1,'QA RF22 fixture','ALTA','2026-06-30 17:06:24','2026-07-01','09:00','COMPLETADA',NULL),(154,7,1,'QA RF22 fixture','ALTA','2026-06-30 17:06:24','2026-07-01','09:00','COMPLETADA',NULL),(155,7,1,'QA RF22 fixture','ALTA','2026-06-30 17:06:24','2026-07-01','09:00','COMPLETADA',NULL),(156,7,1,'Descripcion editada por QA','ALTA','2026-06-30 17:06:24','2026-07-03','11:00','PENDIENTE',NULL),(157,7,1,'QA RF37 auto terminar','BAJA','2026-06-30 17:06:24','2026-06-29','09:00','COMPLETADA',NULL),(158,71,1,'Servicio histórico QA','BAJA','2026-06-30 17:06:24',NULL,NULL,'COMPLETADA',NULL),(159,7,1,'QA RF39','ALTA','2026-06-30 17:06:24','2026-07-01','09:00','COMPLETADA',NULL),(160,7,1,'QA RF42 demorado sin tiempo estimado','ALTA','2026-06-30 17:06:24','2026-06-28','09:00','COMPLETADA',NULL),(161,7,1,'QA RF23','MEDIA','2026-06-30 17:06:24','2026-07-01','10:00','COMPLETADA',NULL),(162,7,1,'QA RF23','MEDIA','2026-06-30 17:06:24','2026-07-01','10:00','COMPLETADA',NULL),(163,7,1,'QA RF23','MEDIA','2026-06-30 17:06:24','2026-07-01','10:00','COMPLETADA',NULL),(164,7,1,'QA RF25','MEDIA','2026-06-30 17:06:24','2026-07-01','09:00','COMPLETADA',NULL),(165,7,1,'QA RF25','MEDIA','2026-06-30 17:06:24','2026-07-01','09:00','COMPLETADA',NULL),(166,7,1,'QA RF25','MEDIA','2026-06-30 17:06:24','2026-07-01','09:00','COMPLETADA',NULL),(167,7,1,'QA RF25','MEDIA','2026-06-30 17:06:24','2026-07-01','09:00','COMPLETADA',NULL),(168,73,1,'Servicio de prueba QA','MEDIA','2026-06-30 17:06:24',NULL,NULL,'ASIGNADA',NULL),(169,7,1,'QA RF24','ALTA','2026-06-30 17:06:24','2026-07-01','11:00','COMPLETADA',NULL),(170,7,1,'QA RF24','ALTA','2026-06-30 17:06:24','2026-07-01','11:00','COMPLETADA',NULL),(171,7,1,'QA RF17 fixture estado PENDIENTE','MEDIA','2026-06-30 17:07:34','2026-07-01','09:00','CANCELADA','Motivo de prueba QA RF17'),(172,7,1,'QA RF17 fixture estado PENDIENTE','MEDIA','2026-06-30 17:07:34','2026-07-01','09:00','COMPLETADA',NULL),(173,7,1,'QA RF17 fixture estado CANCELADA','MEDIA','2026-06-30 17:07:34','2026-07-01','09:00','CANCELADA',NULL),(174,7,1,'QA RF17 fixture estado COMPLETADA','MEDIA','2026-06-30 17:07:34','2026-07-01','09:00','COMPLETADA',NULL),(175,7,1,'Solicitud QA automatizada RF15','MEDIA','2026-06-30 17:07:34','2026-07-01','09:00','COMPLETADA',NULL),(176,7,1,'QA RF38 alerta hoy','ALTA','2026-06-30 17:07:35','2026-06-30','09:00','COMPLETADA',NULL),(177,7,1,'QA RF32 masiva CRITICA','CRITICA','2026-06-30 17:07:35','2026-07-01','09:00','COMPLETADA',NULL),(178,7,1,'QA RF32 masiva BAJA','BAJA','2026-06-30 17:07:35','2026-07-01','10:00','COMPLETADA',NULL),(179,7,1,'QA RF22 fixture','ALTA','2026-06-30 17:07:35','2026-07-01','09:00','COMPLETADA',NULL),(180,7,1,'QA RF22 fixture','ALTA','2026-06-30 17:07:35','2026-07-01','09:00','COMPLETADA',NULL),(181,7,1,'QA RF22 fixture','ALTA','2026-06-30 17:07:35','2026-07-01','09:00','COMPLETADA',NULL),(182,7,1,'Descripcion editada por QA','ALTA','2026-06-30 17:07:35','2026-07-03','11:00','PENDIENTE',NULL),(183,7,1,'QA RF37 auto terminar','BAJA','2026-06-30 17:07:35','2026-06-29','09:00','COMPLETADA',NULL),(184,81,1,'Servicio histórico QA','BAJA','2026-06-30 17:07:35',NULL,NULL,'COMPLETADA',NULL),(185,7,1,'QA RF39','ALTA','2026-06-30 17:07:35','2026-07-01','09:00','COMPLETADA',NULL),(186,7,1,'QA RF42 demorado sin tiempo estimado','ALTA','2026-06-30 17:07:35','2026-06-28','09:00','COMPLETADA',NULL),(187,7,1,'QA RF23','MEDIA','2026-06-30 17:07:35','2026-07-01','10:00','COMPLETADA',NULL),(188,7,1,'QA RF23','MEDIA','2026-06-30 17:07:35','2026-07-01','10:00','COMPLETADA',NULL),(189,7,1,'QA RF23','MEDIA','2026-06-30 17:07:35','2026-07-01','10:00','COMPLETADA',NULL),(190,7,1,'QA RF25','MEDIA','2026-06-30 17:07:35','2026-07-01','09:00','COMPLETADA',NULL),(191,7,1,'QA RF25','MEDIA','2026-06-30 17:07:35','2026-07-01','09:00','COMPLETADA',NULL),(192,7,1,'QA RF25','MEDIA','2026-06-30 17:07:35','2026-07-01','09:00','COMPLETADA',NULL),(193,7,1,'QA RF25','MEDIA','2026-06-30 17:07:35','2026-07-01','09:00','COMPLETADA',NULL),(194,83,1,'Servicio de prueba QA','MEDIA','2026-06-30 17:07:35',NULL,NULL,'ASIGNADA',NULL),(195,7,1,'QA RF24','ALTA','2026-06-30 17:07:35','2026-07-01','11:00','COMPLETADA',NULL),(196,7,1,'QA RF24','ALTA','2026-06-30 17:07:35','2026-07-01','11:00','COMPLETADA',NULL),(197,7,1,'QA RF17 fixture estado PENDIENTE','MEDIA','2026-06-30 17:20:09','2026-07-01','09:00','CANCELADA','Motivo de prueba QA RF17'),(198,7,1,'QA RF17 fixture estado PENDIENTE','MEDIA','2026-06-30 17:20:10','2026-07-01','09:00','COMPLETADA',NULL),(199,7,1,'QA RF17 fixture estado CANCELADA','MEDIA','2026-06-30 17:20:10','2026-07-01','09:00','CANCELADA',NULL),(200,7,1,'QA RF17 fixture estado COMPLETADA','MEDIA','2026-06-30 17:20:10','2026-07-01','09:00','COMPLETADA',NULL),(201,7,1,'Solicitud QA automatizada RF15','MEDIA','2026-06-30 17:20:10','2026-07-01','09:00','COMPLETADA',NULL),(202,7,1,'QA RF38 alerta hoy','ALTA','2026-06-30 17:20:10','2026-06-30','09:00','COMPLETADA',NULL),(203,7,1,'QA RF32 masiva CRITICA','CRITICA','2026-06-30 17:20:10','2026-07-01','09:00','COMPLETADA',NULL),(204,7,1,'QA RF32 masiva BAJA','BAJA','2026-06-30 17:20:10','2026-07-01','10:00','COMPLETADA',NULL),(205,7,1,'QA RF22 fixture','ALTA','2026-06-30 17:20:10','2026-07-01','09:00','COMPLETADA',NULL),(206,7,1,'QA RF22 fixture','ALTA','2026-06-30 17:20:10','2026-07-01','09:00','COMPLETADA',NULL),(207,7,1,'QA RF22 fixture','ALTA','2026-06-30 17:20:10','2026-07-01','09:00','COMPLETADA',NULL),(208,7,1,'Descripcion editada por QA','ALTA','2026-06-30 17:20:10','2026-07-03','11:00','PENDIENTE',NULL),(209,7,1,'QA RF37 auto terminar','BAJA','2026-06-30 17:20:10','2026-06-29','09:00','COMPLETADA',NULL),(210,91,1,'Servicio histórico QA','BAJA','2026-06-30 17:20:10',NULL,NULL,'COMPLETADA',NULL),(211,7,1,'QA RF39','ALTA','2026-06-30 17:20:10','2026-07-01','09:00','COMPLETADA',NULL),(212,7,1,'QA RF42 demorado sin tiempo estimado','ALTA','2026-06-30 17:20:10','2026-06-28','09:00','COMPLETADA',NULL),(213,7,1,'QA RF23','MEDIA','2026-06-30 17:20:10','2026-07-01','10:00','COMPLETADA',NULL),(214,7,1,'QA RF23','MEDIA','2026-06-30 17:20:10','2026-07-01','10:00','COMPLETADA',NULL),(215,7,1,'QA RF23','MEDIA','2026-06-30 17:20:10','2026-07-01','10:00','COMPLETADA',NULL),(216,7,1,'QA RF25','MEDIA','2026-06-30 17:20:10','2026-07-01','09:00','COMPLETADA',NULL),(217,7,1,'QA RF25','MEDIA','2026-06-30 17:20:10','2026-07-01','09:00','COMPLETADA',NULL),(218,7,1,'QA RF25','MEDIA','2026-06-30 17:20:10','2026-07-01','09:00','COMPLETADA',NULL),(219,7,1,'QA RF25','MEDIA','2026-06-30 17:20:10','2026-07-01','09:00','COMPLETADA',NULL),(220,93,1,'Servicio de prueba QA','MEDIA','2026-06-30 17:20:10',NULL,NULL,'ASIGNADA',NULL),(221,7,1,'QA RF24','ALTA','2026-06-30 17:20:10','2026-07-01','11:00','COMPLETADA',NULL),(222,7,1,'QA RF24','ALTA','2026-06-30 17:20:10','2026-07-01','11:00','COMPLETADA',NULL),(223,7,1,'QA RF17 fixture estado PENDIENTE','MEDIA','2026-06-30 17:53:09','2026-07-01','09:00','CANCELADA','Motivo de prueba QA RF17'),(224,7,1,'QA RF17 fixture estado PENDIENTE','MEDIA','2026-06-30 17:53:09','2026-07-01','09:00','COMPLETADA',NULL),(225,7,1,'QA RF17 fixture estado CANCELADA','MEDIA','2026-06-30 17:53:09','2026-07-01','09:00','CANCELADA',NULL),(226,7,1,'QA RF17 fixture estado COMPLETADA','MEDIA','2026-06-30 17:53:09','2026-07-01','09:00','COMPLETADA',NULL),(227,7,1,'Solicitud QA automatizada RF15','MEDIA','2026-06-30 17:53:09','2026-07-01','09:00','COMPLETADA',NULL),(228,7,1,'QA RF38 alerta hoy','ALTA','2026-06-30 17:53:10','2026-06-30','09:00','COMPLETADA',NULL),(229,7,1,'QA RF32 masiva CRITICA','CRITICA','2026-06-30 17:53:10','2026-07-01','09:00','COMPLETADA',NULL),(230,7,1,'QA RF32 masiva BAJA','BAJA','2026-06-30 17:53:10','2026-07-01','10:00','COMPLETADA',NULL),(231,7,1,'QA RF22 fixture','ALTA','2026-06-30 17:53:10','2026-07-01','09:00','COMPLETADA',NULL),(232,7,1,'QA RF22 fixture','ALTA','2026-06-30 17:53:10','2026-07-01','09:00','COMPLETADA',NULL),(233,7,1,'QA RF22 fixture','ALTA','2026-06-30 17:53:10','2026-07-01','09:00','COMPLETADA',NULL),(234,7,1,'Descripcion editada por QA','ALTA','2026-06-30 17:53:10','2026-07-03','11:00','PENDIENTE',NULL),(235,7,1,'QA RF37 auto terminar','BAJA','2026-06-30 17:53:10','2026-06-29','09:00','COMPLETADA',NULL),(236,101,1,'Servicio histórico QA','BAJA','2026-06-30 17:53:10',NULL,NULL,'COMPLETADA',NULL),(237,7,1,'QA RF39','ALTA','2026-06-30 17:53:10','2026-07-01','09:00','COMPLETADA',NULL),(238,7,1,'QA RF42 demorado sin tiempo estimado','ALTA','2026-06-30 17:53:10','2026-06-28','09:00','COMPLETADA',NULL),(239,7,1,'QA RF23','MEDIA','2026-06-30 17:53:10','2026-07-01','10:00','COMPLETADA',NULL),(240,7,1,'QA RF23','MEDIA','2026-06-30 17:53:10','2026-07-01','10:00','COMPLETADA',NULL),(241,7,1,'QA RF23','MEDIA','2026-06-30 17:53:10','2026-07-01','10:00','COMPLETADA',NULL),(242,7,1,'QA RF25','MEDIA','2026-06-30 17:53:10','2026-07-01','09:00','COMPLETADA',NULL),(243,7,1,'QA RF25','MEDIA','2026-06-30 17:53:10','2026-07-01','09:00','COMPLETADA',NULL),(244,7,1,'QA RF25','MEDIA','2026-06-30 17:53:10','2026-07-01','09:00','COMPLETADA',NULL),(245,7,1,'QA RF25','MEDIA','2026-06-30 17:53:10','2026-07-01','09:00','COMPLETADA',NULL),(246,103,1,'Servicio de prueba QA','MEDIA','2026-06-30 17:53:10',NULL,NULL,'ASIGNADA',NULL),(247,7,1,'QA RF24','ALTA','2026-06-30 17:53:10','2026-07-01','11:00','COMPLETADA',NULL),(248,7,1,'QA RF24','ALTA','2026-06-30 17:53:10','2026-07-01','11:00','COMPLETADA',NULL),(249,7,1,'QA RF17 fixture estado PENDIENTE','MEDIA','2026-06-30 18:02:15','2026-07-01','09:00','CANCELADA','Motivo de prueba QA RF17'),(250,7,1,'QA RF17 fixture estado PENDIENTE','MEDIA','2026-06-30 18:02:15','2026-07-01','09:00','COMPLETADA',NULL),(251,7,1,'QA RF17 fixture estado CANCELADA','MEDIA','2026-06-30 18:02:15','2026-07-01','09:00','CANCELADA',NULL),(252,7,1,'QA RF17 fixture estado COMPLETADA','MEDIA','2026-06-30 18:02:15','2026-07-01','09:00','COMPLETADA',NULL),(253,7,1,'Solicitud QA automatizada RF15','MEDIA','2026-06-30 18:02:15','2026-07-01','09:00','COMPLETADA',NULL),(254,7,1,'QA RF38 alerta hoy','ALTA','2026-06-30 18:02:16','2026-06-30','09:00','COMPLETADA',NULL),(255,7,1,'QA RF32 masiva CRITICA','CRITICA','2026-06-30 18:02:16','2026-07-01','09:00','COMPLETADA',NULL),(256,7,1,'QA RF32 masiva BAJA','BAJA','2026-06-30 18:02:16','2026-07-01','10:00','COMPLETADA',NULL),(257,7,1,'QA RF22 fixture','ALTA','2026-06-30 18:02:16','2026-07-01','09:00','COMPLETADA',NULL),(258,7,1,'QA RF22 fixture','ALTA','2026-06-30 18:02:16','2026-07-01','09:00','COMPLETADA',NULL),(259,7,1,'QA RF22 fixture','ALTA','2026-06-30 18:02:16','2026-07-01','09:00','COMPLETADA',NULL),(260,7,1,'Descripcion editada por QA','ALTA','2026-06-30 18:02:16','2026-07-03','11:00','PENDIENTE',NULL),(261,7,1,'QA RF37 auto terminar','BAJA','2026-06-30 18:02:16','2026-06-29','09:00','COMPLETADA',NULL),(262,111,1,'Servicio histórico QA','BAJA','2026-06-30 18:02:16',NULL,NULL,'COMPLETADA',NULL),(263,7,1,'QA RF39','ALTA','2026-06-30 18:02:16','2026-07-01','09:00','COMPLETADA',NULL),(264,7,1,'QA RF42 demorado sin tiempo estimado','ALTA','2026-06-30 18:02:16','2026-06-28','09:00','COMPLETADA',NULL),(265,7,1,'QA RF23','MEDIA','2026-06-30 18:02:16','2026-07-01','10:00','COMPLETADA',NULL),(266,7,1,'QA RF23','MEDIA','2026-06-30 18:02:16','2026-07-01','10:00','COMPLETADA',NULL),(267,7,1,'QA RF23','MEDIA','2026-06-30 18:02:16','2026-07-01','10:00','COMPLETADA',NULL),(268,7,1,'QA RF25','MEDIA','2026-06-30 18:02:16','2026-07-01','09:00','COMPLETADA',NULL),(269,7,1,'QA RF25','MEDIA','2026-06-30 18:02:16','2026-07-01','09:00','COMPLETADA',NULL),(270,7,1,'QA RF25','MEDIA','2026-06-30 18:02:16','2026-07-01','09:00','COMPLETADA',NULL),(271,7,1,'QA RF25','MEDIA','2026-06-30 18:02:16','2026-07-01','09:00','COMPLETADA',NULL),(272,113,1,'Servicio de prueba QA','MEDIA','2026-06-30 18:02:16',NULL,NULL,'ASIGNADA',NULL),(273,7,1,'QA RF24','ALTA','2026-06-30 18:02:16','2026-07-01','11:00','COMPLETADA',NULL),(274,7,1,'QA RF24','ALTA','2026-06-30 18:02:16','2026-07-01','11:00','COMPLETADA',NULL),(275,7,1,'QA RF17 fixture estado PENDIENTE','MEDIA','2026-06-30 18:10:36','2026-07-01','09:00','CANCELADA','Motivo de prueba QA RF17'),(276,7,1,'QA RF17 fixture estado PENDIENTE','MEDIA','2026-06-30 18:10:36','2026-07-01','09:00','COMPLETADA',NULL),(277,7,1,'QA RF17 fixture estado CANCELADA','MEDIA','2026-06-30 18:10:36','2026-07-01','09:00','CANCELADA',NULL),(278,7,1,'QA RF17 fixture estado COMPLETADA','MEDIA','2026-06-30 18:10:36','2026-07-01','09:00','COMPLETADA',NULL),(279,120,1,'Servicio histórico QA','BAJA','2026-06-30 18:10:36',NULL,NULL,'COMPLETADA',NULL),(280,7,1,'Solicitud QA automatizada RF15','MEDIA','2026-06-30 18:10:36','2026-07-01','09:00','COMPLETADA',NULL),(281,7,1,'QA RF38 alerta hoy','ALTA','2026-06-30 18:10:36','2026-06-30','09:00','COMPLETADA',NULL),(282,7,1,'QA RF39','ALTA','2026-06-30 18:10:36','2026-07-01','09:00','COMPLETADA',NULL),(283,7,1,'QA RF32 masiva CRITICA','CRITICA','2026-06-30 18:10:36','2026-07-01','09:00','COMPLETADA',NULL),(284,7,1,'QA RF32 masiva BAJA','BAJA','2026-06-30 18:10:36','2026-07-01','10:00','COMPLETADA',NULL),(285,7,1,'QA RF42 demorado sin tiempo estimado','ALTA','2026-06-30 18:10:36','2026-06-28','09:00','COMPLETADA',NULL),(286,7,1,'QA RF22 fixture','ALTA','2026-06-30 18:10:36','2026-07-01','09:00','COMPLETADA',NULL),(287,7,1,'QA RF22 fixture','ALTA','2026-06-30 18:10:36','2026-07-01','09:00','COMPLETADA',NULL),(288,7,1,'QA RF22 fixture','ALTA','2026-06-30 18:10:36','2026-07-01','09:00','COMPLETADA',NULL),(289,7,1,'QA RF23','MEDIA','2026-06-30 18:10:36','2026-07-01','10:00','COMPLETADA',NULL),(290,7,1,'QA RF23','MEDIA','2026-06-30 18:10:36','2026-07-01','10:00','COMPLETADA',NULL),(291,7,1,'QA RF23','MEDIA','2026-06-30 18:10:36','2026-07-01','10:00','COMPLETADA',NULL),(292,7,1,'Descripcion editada por QA','ALTA','2026-06-30 18:10:36','2026-07-03','11:00','PENDIENTE',NULL),(293,7,1,'QA RF25','MEDIA','2026-06-30 18:10:36','2026-07-01','09:00','COMPLETADA',NULL),(294,7,1,'QA RF25','MEDIA','2026-06-30 18:10:36','2026-07-01','09:00','COMPLETADA',NULL),(295,7,1,'QA RF25','MEDIA','2026-06-30 18:10:36','2026-07-01','09:00','COMPLETADA',NULL),(296,7,1,'QA RF25','MEDIA','2026-06-30 18:10:36','2026-07-01','09:00','COMPLETADA',NULL),(297,7,1,'QA RF37 auto terminar','BAJA','2026-06-30 18:10:36','2026-06-29','09:00','COMPLETADA',NULL),(298,123,1,'Servicio de prueba QA','MEDIA','2026-06-30 18:10:36',NULL,NULL,'ASIGNADA',NULL),(299,7,1,'QA RF24','ALTA','2026-06-30 18:10:36','2026-07-01','11:00','COMPLETADA',NULL),(300,7,1,'QA RF24','ALTA','2026-06-30 18:10:36','2026-07-01','11:00','COMPLETADA',NULL),(301,7,1,'QA RF17 fixture estado PENDIENTE','MEDIA','2026-06-30 18:15:59','2026-07-01','09:00','CANCELADA','Motivo de prueba QA RF17'),(302,7,1,'QA RF17 fixture estado PENDIENTE','MEDIA','2026-06-30 18:15:59','2026-07-01','09:00','COMPLETADA',NULL),(303,7,1,'QA RF17 fixture estado CANCELADA','MEDIA','2026-06-30 18:15:59','2026-07-01','09:00','CANCELADA',NULL),(304,7,1,'QA RF17 fixture estado COMPLETADA','MEDIA','2026-06-30 18:15:59','2026-07-01','09:00','COMPLETADA',NULL),(305,130,1,'Servicio historico QA','BAJA','2026-06-30 18:16:00',NULL,NULL,'COMPLETADA',NULL),(306,7,1,'Solicitud QA automatizada RF15','MEDIA','2026-06-30 18:16:00','2026-07-01','09:00','COMPLETADA',NULL),(307,7,1,'QA RF38 alerta hoy','ALTA','2026-06-30 18:16:00','2026-06-30','09:00','COMPLETADA',NULL),(308,7,1,'QA RF39','ALTA','2026-06-30 18:16:00','2026-07-01','09:00','COMPLETADA',NULL),(309,7,1,'QA RF32 masiva CRITICA','CRITICA','2026-06-30 18:16:00','2026-07-01','09:00','COMPLETADA',NULL),(310,7,1,'QA RF32 masiva BAJA','BAJA','2026-06-30 18:16:00','2026-07-01','10:00','COMPLETADA',NULL),(311,7,1,'QA RF42 demorado sin tiempo estimado','ALTA','2026-06-30 18:16:00','2026-06-28','09:00','COMPLETADA',NULL),(312,7,1,'QA RF22 fixture','ALTA','2026-06-30 18:16:00','2026-07-01','09:00','COMPLETADA',NULL),(313,7,1,'QA RF22 fixture','ALTA','2026-06-30 18:16:00','2026-07-01','09:00','COMPLETADA',NULL),(314,7,1,'QA RF22 fixture','ALTA','2026-06-30 18:16:00','2026-07-01','09:00','COMPLETADA',NULL),(315,7,1,'QA RF23','MEDIA','2026-06-30 18:16:00','2026-07-01','10:00','COMPLETADA',NULL),(316,7,1,'QA RF23','MEDIA','2026-06-30 18:16:00','2026-07-01','10:00','COMPLETADA',NULL),(317,7,1,'QA RF23','MEDIA','2026-06-30 18:16:00','2026-07-01','10:00','COMPLETADA',NULL),(318,7,1,'Descripcion editada por QA','ALTA','2026-06-30 18:16:00','2026-07-03','11:00','PENDIENTE',NULL),(319,7,1,'QA RF25','MEDIA','2026-06-30 18:16:00','2026-07-01','09:00','COMPLETADA',NULL),(320,7,1,'QA RF25','MEDIA','2026-06-30 18:16:00','2026-07-01','09:00','COMPLETADA',NULL),(321,7,1,'QA RF25','MEDIA','2026-06-30 18:16:00','2026-07-01','09:00','COMPLETADA',NULL),(322,7,1,'QA RF25','MEDIA','2026-06-30 18:16:00','2026-07-01','09:00','COMPLETADA',NULL),(323,7,1,'QA RF37 auto terminar','BAJA','2026-06-30 18:16:00','2026-06-29','09:00','COMPLETADA',NULL),(324,133,1,'Servicio de prueba QA','MEDIA','2026-06-30 18:16:00',NULL,NULL,'ASIGNADA',NULL),(325,7,1,'QA RF24','ALTA','2026-06-30 18:16:00','2026-07-01','11:00','COMPLETADA',NULL),(326,7,1,'QA RF24','ALTA','2026-06-30 18:16:00','2026-07-01','11:00','COMPLETADA',NULL),(327,7,1,'QA RF17 fixture estado PENDIENTE','MEDIA','2026-06-30 18:17:45','2026-07-01','09:00','CANCELADA','Motivo de prueba QA RF17'),(328,7,1,'QA RF17 fixture estado PENDIENTE','MEDIA','2026-06-30 18:17:45','2026-07-01','09:00','COMPLETADA',NULL),(329,7,1,'QA RF17 fixture estado CANCELADA','MEDIA','2026-06-30 18:17:45','2026-07-01','09:00','CANCELADA',NULL),(330,7,1,'QA RF17 fixture estado COMPLETADA','MEDIA','2026-06-30 18:17:45','2026-07-01','09:00','COMPLETADA',NULL),(331,140,1,'Servicio historico QA','BAJA','2026-06-30 18:17:46',NULL,NULL,'COMPLETADA',NULL),(332,7,1,'Solicitud QA automatizada RF15','MEDIA','2026-06-30 18:17:46','2026-07-01','09:00','COMPLETADA',NULL),(333,7,1,'QA RF38 alerta hoy','ALTA','2026-06-30 18:17:46','2026-06-30','09:00','COMPLETADA',NULL),(334,7,1,'QA RF39','ALTA','2026-06-30 18:17:46','2026-07-01','09:00','COMPLETADA',NULL),(335,7,1,'QA RF32 masiva CRITICA','CRITICA','2026-06-30 18:17:46','2026-07-01','09:00','COMPLETADA',NULL),(336,7,1,'QA RF32 masiva BAJA','BAJA','2026-06-30 18:17:46','2026-07-01','10:00','COMPLETADA',NULL),(337,7,1,'QA RF42 demorado sin tiempo estimado','ALTA','2026-06-30 18:17:46','2026-06-28','09:00','COMPLETADA',NULL),(338,7,1,'QA RF22 fixture','ALTA','2026-06-30 18:17:46','2026-07-01','09:00','COMPLETADA',NULL),(339,7,1,'QA RF22 fixture','ALTA','2026-06-30 18:17:46','2026-07-01','09:00','COMPLETADA',NULL),(340,7,1,'QA RF22 fixture','ALTA','2026-06-30 18:17:46','2026-07-01','09:00','COMPLETADA',NULL),(341,7,1,'QA RF23','MEDIA','2026-06-30 18:17:46','2026-07-01','10:00','COMPLETADA',NULL),(342,7,1,'QA RF23','MEDIA','2026-06-30 18:17:46','2026-07-01','10:00','COMPLETADA',NULL),(343,7,1,'QA RF23','MEDIA','2026-06-30 18:17:46','2026-07-01','10:00','COMPLETADA',NULL),(344,7,1,'Descripcion editada por QA','ALTA','2026-06-30 18:17:46','2026-07-03','11:00','PENDIENTE',NULL),(345,7,1,'QA RF25','MEDIA','2026-06-30 18:17:46','2026-07-01','09:00','COMPLETADA',NULL),(346,7,1,'QA RF25','MEDIA','2026-06-30 18:17:46','2026-07-01','09:00','COMPLETADA',NULL),(347,7,1,'QA RF25','MEDIA','2026-06-30 18:17:46','2026-07-01','09:00','COMPLETADA',NULL),(348,7,1,'QA RF25','MEDIA','2026-06-30 18:17:46','2026-07-01','09:00','COMPLETADA',NULL),(349,7,1,'QA RF37 auto terminar','BAJA','2026-06-30 18:17:46','2026-06-29','09:00','COMPLETADA',NULL),(350,143,1,'Servicio de prueba QA','MEDIA','2026-06-30 18:17:46',NULL,NULL,'ASIGNADA',NULL),(351,7,1,'QA RF24','ALTA','2026-06-30 18:17:46','2026-07-01','11:00','COMPLETADA',NULL),(352,7,1,'QA RF24','ALTA','2026-06-30 18:17:46','2026-07-01','11:00','COMPLETADA',NULL);
/*!40000 ALTER TABLE `tb_solicitud` ENABLE KEYS */;
UNLOCK TABLES;

--
-- Table structure for table `tb_tecnico`
--

DROP TABLE IF EXISTS `tb_tecnico`;
/*!40101 SET @saved_cs_client     = @@character_set_client */;
/*!50503 SET character_set_client = utf8mb4 */;
CREATE TABLE `tb_tecnico` (
  `id_tecnico` int NOT NULL AUTO_INCREMENT,
  `dni` varchar(15) COLLATE utf8mb4_unicode_ci NOT NULL,
  `nombres` varchar(100) COLLATE utf8mb4_unicode_ci NOT NULL,
  `apellidos` varchar(100) COLLATE utf8mb4_unicode_ci NOT NULL,
  `telefono` varchar(20) COLLATE utf8mb4_unicode_ci DEFAULT NULL,
  `email` varchar(150) COLLATE utf8mb4_unicode_ci DEFAULT NULL,
  `id_especialidad` int NOT NULL,
  `id_zona` int DEFAULT NULL,
  `max_solicitudes_dia` int NOT NULL DEFAULT '6',
  `observaciones` text COLLATE utf8mb4_unicode_ci,
  `estado` tinyint(1) NOT NULL DEFAULT '1',
  `fecha_registro` datetime NOT NULL DEFAULT CURRENT_TIMESTAMP,
  PRIMARY KEY (`id_tecnico`),
  UNIQUE KEY `dni` (`dni`),
  KEY `fk_tecnico_especialidad` (`id_especialidad`),
  KEY `fk_tecnico_zona` (`id_zona`),
  CONSTRAINT `fk_tecnico_especialidad` FOREIGN KEY (`id_especialidad`) REFERENCES `tb_especialidad` (`id_especialidad`),
  CONSTRAINT `fk_tecnico_zona` FOREIGN KEY (`id_zona`) REFERENCES `tb_zona` (`id_zona`)
) ENGINE=InnoDB AUTO_INCREMENT=97 DEFAULT CHARSET=utf8mb4 COLLATE=utf8mb4_unicode_ci;
/*!40101 SET character_set_client = @saved_cs_client */;

--
-- Dumping data for table `tb_tecnico`
--

LOCK TABLES `tb_tecnico` WRITE;
/*!40000 ALTER TABLE `tb_tecnico` DISABLE KEYS */;
INSERT INTO `tb_tecnico` VALUES (1,'11111111','Gerson','Contreras','911111111','gerson@gmail.com',4,4,6,'',1,'2026-05-11 01:32:24'),(2,'22222222','Jams','Calla','922222222','jams@gmail.com',5,4,6,'',1,'2026-05-11 01:33:47'),(3,'33333333','Abel','Giurfa','933333333','abel@gmail.com',3,2,6,'',1,'2026-05-11 01:34:51'),(4,'44444444','Alonso','Rodriguez','944444444','alonso@gmail.com',2,1,6,'',1,'2026-05-11 01:35:42'),(5,'55555555','Hilmer','Jauregui','955555555','hilmer@gmail.com',1,1,6,'',1,'2026-06-08 05:07:58'),(6,'02057700','TecnicoQA','PruebaAutomatizada','955566677','tecnicoqa@gmail.com',1,NULL,6,'Generado por test automatizado',1,'2026-06-21 04:34:34'),(7,'14791000','TecnicoQA','PruebaAutomatizada','987654321','tecnicoqa@gmail.com',1,NULL,6,'Generado por test automatizado',1,'2026-06-21 04:34:34'),(8,'32951600','TecnicoQA','PruebaAutomatizada','955566677','tecnicoqa@gmail.com',1,NULL,6,'Generado por test automatizado',1,'2026-06-24 14:40:34'),(9,'45459300','TecnicoQA','PruebaAutomatizada','987654321','tecnicoqa@gmail.com',1,NULL,6,'Generado por test automatizado',1,'2026-06-24 14:40:34'),(10,'58697400','TecnicoQA','PruebaAutomatizada','955566677','tecnicoqa@gmail.com',1,NULL,6,'Generado por test automatizado',1,'2026-06-25 12:13:14'),(11,'68733400','TecnicoQA','PruebaAutomatizada','987654321','tecnicoqa@gmail.com',1,NULL,6,'Generado por test automatizado',1,'2026-06-25 12:13:14'),(12,'27015900','TecnicoQA','PruebaAutomatizada','955566677','tecnicoqa@gmail.com',1,NULL,6,'Generado por test automatizado',1,'2026-06-25 12:13:39'),(13,'38575600','TecnicoQA','PruebaAutomatizada','987654321','tecnicoqa@gmail.com',1,NULL,6,'Generado por test automatizado',1,'2026-06-25 12:13:39'),(14,'43075300','TecnicoQA','PruebaAutomatizada','955566677','tecnicoqa@gmail.com',1,NULL,6,'Generado por test automatizado',1,'2026-06-25 12:14:16'),(15,'53195000','TecnicoQA','PruebaAutomatizada','987654321','tecnicoqa@gmail.com',1,NULL,6,'Generado por test automatizado',1,'2026-06-25 12:14:16'),(16,'91882900','TecnicoQA','PruebaAutomatizada','955566677','tecnicoqa@gmail.com',1,NULL,6,'Generado por test automatizado',1,'2026-06-30 21:50:08'),(17,'23190500','TecnicoQA','PruebaAutomatizada','987654321','tecnicoqa@gmail.com',1,NULL,6,'Generado por test automatizado',1,'2026-06-30 21:50:08'),(18,'09469700','TecnicoHorario','RF36','987000001','techorario36@gmail.com',1,1,6,NULL,1,'2026-06-30 21:50:09'),(19,'27384600','TecnicoHorario','RF36','987000001','techorario36@gmail.com',1,1,6,NULL,1,'2026-06-30 21:50:09'),(20,'37640400','TecnicoHorario','RF36','987000001','techorario36@gmail.com',1,1,6,NULL,1,'2026-06-30 21:50:09'),(21,'69546500','TecQA','RF39','987111222','tecqa39@gmail.com',1,1,5,NULL,0,'2026-06-30 21:50:09'),(22,'72246100','TecQA','RF39','987111222','tecqa39@gmail.com',1,1,5,NULL,1,'2026-06-30 21:50:09'),(23,'09603000','TecnicoQA','RF31','987654321','tecnicoqa31@gmail.com',1,1,5,'Creado por test RF31',1,'2026-06-30 21:50:09'),(24,'15117500','TecnicoQA','RF31','987654321','tecnicoqa31@gmail.com',1,1,5,'Creado por test RF31',1,'2026-06-30 21:50:09'),(25,'34571800','TecnicoQA','PruebaAutomatizada','955566677','tecnicoqa@gmail.com',1,NULL,6,'Generado por test automatizado',1,'2026-06-30 17:06:24'),(26,'42391700','TecnicoQA','PruebaAutomatizada','987654321','tecnicoqa@gmail.com',1,NULL,6,'Generado por test automatizado',1,'2026-06-30 17:06:24'),(27,'20239100','TecnicoHorario','RF36','987000001','techorario36@gmail.com',1,1,6,NULL,1,'2026-06-30 17:06:24'),(28,'28855700','TecnicoHorario','RF36','987000001','techorario36@gmail.com',1,1,6,NULL,1,'2026-06-30 17:06:24'),(29,'37642300','TecnicoHorario','RF36','987000001','techorario36@gmail.com',1,1,6,NULL,1,'2026-06-30 17:06:24'),(30,'67059000','TecQA','RF39','987111222','tecqa39@gmail.com',1,1,5,NULL,0,'2026-06-30 17:06:24'),(31,'70216300','TecQA','RF39','987111222','tecqa39@gmail.com',1,1,5,NULL,1,'2026-06-30 17:06:24'),(32,'20240700','TecnicoQA','RF31','987654321','tecnicoqa31@gmail.com',1,1,5,'Creado por test RF31',1,'2026-06-30 17:06:24'),(33,'24226300','TecnicoQA','RF31','987654321','tecnicoqa31@gmail.com',1,1,5,'Creado por test RF31',1,'2026-06-30 17:06:24'),(34,'53633700','TecnicoQA','PruebaAutomatizada','955566677','tecnicoqa@gmail.com',1,NULL,6,'Generado por test automatizado',1,'2026-06-30 17:07:35'),(35,'61729000','TecnicoQA','PruebaAutomatizada','987654321','tecnicoqa@gmail.com',1,NULL,6,'Generado por test automatizado',1,'2026-06-30 17:07:35'),(36,'61678800','TecnicoHorario','RF36','987000001','techorario36@gmail.com',1,1,6,NULL,1,'2026-06-30 17:07:35'),(37,'69134600','TecnicoHorario','RF36','987000001','techorario36@gmail.com',1,1,6,NULL,1,'2026-06-30 17:07:35'),(38,'78711900','TecnicoHorario','RF36','987000001','techorario36@gmail.com',1,1,6,NULL,1,'2026-06-30 17:07:35'),(39,'05286200','TecQA','RF39','987111222','tecqa39@gmail.com',1,1,5,NULL,0,'2026-06-30 17:07:35'),(40,'08400900','TecQA','RF39','987111222','tecqa39@gmail.com',1,1,5,NULL,1,'2026-06-30 17:07:35'),(41,'55553500','TecnicoQA','RF31','987654321','tecnicoqa31@gmail.com',1,1,5,'Creado por test RF31',1,'2026-06-30 17:07:35'),(42,'61586400','TecnicoQA','RF31','987654321','tecnicoqa31@gmail.com',1,1,5,'Creado por test RF31',1,'2026-06-30 17:07:35'),(43,'97439400','TecnicoQA','PruebaAutomatizada','955566677','tecnicoqa@gmail.com',1,NULL,6,'Generado por test automatizado',1,'2026-06-30 17:20:10'),(44,'06075100','TecnicoQA','PruebaAutomatizada','987654321','tecnicoqa@gmail.com',1,NULL,6,'Generado por test automatizado',1,'2026-06-30 17:20:10'),(45,'97900300','TecnicoHorario','RF36','987000001','techorario36@gmail.com',1,1,6,NULL,1,'2026-06-30 17:20:10'),(46,'06160500','TecnicoHorario','RF36','987000001','techorario36@gmail.com',1,1,6,NULL,1,'2026-06-30 17:20:10'),(47,'14235500','TecnicoHorario','RF36','987000001','techorario36@gmail.com',1,1,6,NULL,1,'2026-06-30 17:20:10'),(48,'40933600','TecQA','RF39','987111222','tecqa39@gmail.com',1,1,5,NULL,0,'2026-06-30 17:20:10'),(49,'43874600','TecQA','RF39','987111222','tecqa39@gmail.com',1,1,5,NULL,1,'2026-06-30 17:20:10'),(50,'05092800','TecnicoQA','RF31','987654321','tecnicoqa31@gmail.com',1,1,5,'Creado por test RF31',1,'2026-06-30 17:20:10'),(51,'11000000','TecnicoQA','RF31','987654321','tecnicoqa31@gmail.com',1,1,5,'Creado por test RF31',1,'2026-06-30 17:20:10'),(52,'93574600','TecnicoQA','PruebaAutomatizada','955566677','tecnicoqa@gmail.com',1,NULL,6,'Generado por test automatizado',1,'2026-06-30 17:53:10'),(53,'00759000','TecnicoQA','PruebaAutomatizada','987654321','tecnicoqa@gmail.com',1,NULL,6,'Generado por test automatizado',1,'2026-06-30 17:53:10'),(54,'10498200','TecnicoHorario','RF36','987000001','techorario36@gmail.com',1,1,6,NULL,1,'2026-06-30 17:53:10'),(55,'17844900','TecnicoHorario','RF36','987000001','techorario36@gmail.com',1,1,6,NULL,1,'2026-06-30 17:53:10'),(56,'26186200','TecnicoHorario','RF36','987000001','techorario36@gmail.com',1,1,6,NULL,1,'2026-06-30 17:53:10'),(57,'52191600','TecQA','RF39','987111222','tecqa39@gmail.com',1,1,5,NULL,0,'2026-06-30 17:53:10'),(58,'54807800','TecQA','RF39','987111222','tecqa39@gmail.com',1,1,5,NULL,1,'2026-06-30 17:53:10'),(59,'04337800','TecnicoQA','RF31','987654321','tecnicoqa31@gmail.com',1,1,5,'Creado por test RF31',1,'2026-06-30 17:53:10'),(60,'09835000','TecnicoQA','RF31','987654321','tecnicoqa31@gmail.com',1,1,5,'Creado por test RF31',1,'2026-06-30 17:53:10'),(61,'77461800','TecnicoQA','PruebaAutomatizada','955566677','tecnicoqa@gmail.com',1,NULL,6,'Generado por test automatizado',1,'2026-06-30 18:02:16'),(62,'85910200','TecnicoQA','PruebaAutomatizada','987654321','tecnicoqa@gmail.com',1,NULL,6,'Generado por test automatizado',1,'2026-06-30 18:02:16'),(63,'86881200','TecnicoHorario','RF36','987000001','techorario36@gmail.com',1,1,6,NULL,1,'2026-06-30 18:02:16'),(64,'93093700','TecnicoHorario','RF36','987000001','techorario36@gmail.com',1,1,6,NULL,1,'2026-06-30 18:02:16'),(65,'00699600','TecnicoHorario','RF36','987000001','techorario36@gmail.com',1,1,6,NULL,1,'2026-06-30 18:02:16'),(66,'28518000','TecQA','RF39','987111222','tecqa39@gmail.com',1,1,5,NULL,0,'2026-06-30 18:02:16'),(67,'31344300','TecQA','RF39','987111222','tecqa39@gmail.com',1,1,5,NULL,1,'2026-06-30 18:02:16'),(68,'75861400','TecnicoQA','RF31','987654321','tecnicoqa31@gmail.com',1,1,5,'Creado por test RF31',1,'2026-06-30 18:02:16'),(69,'82859200','TecnicoQA','RF31','987654321','tecnicoqa31@gmail.com',1,1,5,'Creado por test RF31',1,'2026-06-30 18:02:16'),(70,'46162100','TecnicoHorario','RF36','987000001','techorario36@gmail.com',1,1,6,NULL,1,'2026-06-30 18:10:36'),(71,'59751300','TecnicoHorario','RF36','987000001','techorario36@gmail.com',1,1,6,NULL,1,'2026-06-30 18:10:36'),(72,'68780400','TecnicoHorario','RF36','987000001','techorario36@gmail.com',1,1,6,NULL,1,'2026-06-30 18:10:36'),(73,'10851700','TecQA','RF39','987111222','tecqa39@gmail.com',1,1,5,NULL,0,'2026-06-30 18:10:36'),(74,'15108300','TecQA','RF39','987111222','tecqa39@gmail.com',1,1,5,NULL,1,'2026-06-30 18:10:36'),(75,'37888000','TecnicoQA','PruebaAutomatizada','955566677','tecnicoqa@gmail.com',1,NULL,6,'Generado por test automatizado',1,'2026-06-30 18:10:36'),(76,'48394300','TecnicoQA','PruebaAutomatizada','987654321','tecnicoqa@gmail.com',1,NULL,6,'Generado por test automatizado',1,'2026-06-30 18:10:36'),(77,'40650600','TecnicoQA','RF31','987654321','tecnicoqa31@gmail.com',1,1,5,'Creado por test RF31',1,'2026-06-30 18:10:36'),(78,'45201100','TecnicoQA','RF31','987654321','tecnicoqa31@gmail.com',1,1,5,'Creado por test RF31',1,'2026-06-30 18:10:36'),(79,'43684000','TecnicoHorario','RF36','987000001','techorario36@gmail.com',1,1,6,NULL,1,'2026-06-30 18:16:00'),(80,'52221700','TecnicoHorario','RF36','987000001','techorario36@gmail.com',1,1,6,NULL,1,'2026-06-30 18:16:00'),(81,'61334100','TecnicoHorario','RF36','987000001','techorario36@gmail.com',1,1,6,NULL,1,'2026-06-30 18:16:00'),(82,'93525200','TecQA','RF39','987111222','tecqa39@gmail.com',1,1,5,NULL,0,'2026-06-30 18:16:00'),(83,'97095900','TecQA','RF39','987111222','tecqa39@gmail.com',1,1,5,NULL,1,'2026-06-30 18:16:00'),(84,'17918100','TecnicoQA','PruebaAutomatizada','955566677','tecnicoqa@gmail.com',1,NULL,6,'Generado por test automatizado',1,'2026-06-30 18:16:00'),(85,'25110900','TecnicoQA','PruebaAutomatizada','987654321','tecnicoqa@gmail.com',1,NULL,6,'Generado por test automatizado',1,'2026-06-30 18:16:00'),(86,'12918700','TecnicoQA','RF31','987654321','tecnicoqa31@gmail.com',1,1,5,'Creado por test RF31',1,'2026-06-30 18:16:00'),(87,'17904900','TecnicoQA','RF31','987654321','tecnicoqa31@gmail.com',1,1,5,'Creado por test RF31',1,'2026-06-30 18:16:00'),(88,'87870400','TecnicoHorario','RF36','987000001','techorario36@gmail.com',1,1,6,NULL,1,'2026-06-30 18:17:46'),(89,'98428000','TecnicoHorario','RF36','987000001','techorario36@gmail.com',1,1,6,NULL,1,'2026-06-30 18:17:46'),(90,'07951700','TecnicoHorario','RF36','987000001','techorario36@gmail.com',1,1,6,NULL,1,'2026-06-30 18:17:46'),(91,'54370100','TecQA','RF39','987111222','tecqa39@gmail.com',1,1,5,NULL,0,'2026-06-30 18:17:46'),(92,'58349600','TecQA','RF39','987111222','tecqa39@gmail.com',1,1,5,NULL,1,'2026-06-30 18:17:46'),(93,'81532900','TecnicoQA','PruebaAutomatizada','955566677','tecnicoqa@gmail.com',1,NULL,6,'Generado por test automatizado',1,'2026-06-30 18:17:46'),(94,'88108600','TecnicoQA','PruebaAutomatizada','987654321','tecnicoqa@gmail.com',1,NULL,6,'Generado por test automatizado',1,'2026-06-30 18:17:46'),(95,'91702500','TecnicoQA','RF31','987654321','tecnicoqa31@gmail.com',1,1,5,'Creado por test RF31',1,'2026-06-30 18:17:46'),(96,'96809600','TecnicoQA','RF31','987654321','tecnicoqa31@gmail.com',1,1,5,'Creado por test RF31',1,'2026-06-30 18:17:46');
/*!40000 ALTER TABLE `tb_tecnico` ENABLE KEYS */;
UNLOCK TABLES;

--
-- Table structure for table `tb_tipo_servicio`
--

DROP TABLE IF EXISTS `tb_tipo_servicio`;
/*!40101 SET @saved_cs_client     = @@character_set_client */;
/*!50503 SET character_set_client = utf8mb4 */;
CREATE TABLE `tb_tipo_servicio` (
  `id_tipo_servicio` int NOT NULL AUTO_INCREMENT,
  `nombre` varchar(100) COLLATE utf8mb4_unicode_ci NOT NULL,
  `descripcion` varchar(255) COLLATE utf8mb4_unicode_ci DEFAULT NULL,
  `id_especialidad` int DEFAULT NULL,
  `duracion_estimada_min` int DEFAULT '60',
  `estado` tinyint(1) NOT NULL DEFAULT '1',
  PRIMARY KEY (`id_tipo_servicio`),
  KEY `fk_ts_especialidad` (`id_especialidad`),
  CONSTRAINT `fk_ts_especialidad` FOREIGN KEY (`id_especialidad`) REFERENCES `tb_especialidad` (`id_especialidad`)
) ENGINE=InnoDB AUTO_INCREMENT=6 DEFAULT CHARSET=utf8mb4 COLLATE=utf8mb4_unicode_ci;
/*!40101 SET character_set_client = @saved_cs_client */;

--
-- Dumping data for table `tb_tipo_servicio`
--

LOCK TABLES `tb_tipo_servicio` WRITE;
/*!40000 ALTER TABLE `tb_tipo_servicio` DISABLE KEYS */;
INSERT INTO `tb_tipo_servicio` VALUES (1,'Fibra Óptica','Servicio especializado en Fibra Óptica',1,120,1),(2,'Redes LAN/WAN','Servicio especializado en Redes LAN/WAN',2,120,1),(3,'Soporte Técnico','Servicio especializado en Soporte Técnico',3,120,1),(4,'Antenas y RF','Servicio especializado en Antenas y RF',4,120,1),(5,'Cableado Estructurado','Servicio especializado en Cableado Estructurado',5,120,1);
/*!40000 ALTER TABLE `tb_tipo_servicio` ENABLE KEYS */;
UNLOCK TABLES;

--
-- Table structure for table `tb_usuario`
--

DROP TABLE IF EXISTS `tb_usuario`;
/*!40101 SET @saved_cs_client     = @@character_set_client */;
/*!50503 SET character_set_client = utf8mb4 */;
CREATE TABLE `tb_usuario` (
  `id_usuario` int NOT NULL AUTO_INCREMENT,
  `username` varchar(80) COLLATE utf8mb4_unicode_ci NOT NULL,
  `password_hash` varchar(255) COLLATE utf8mb4_unicode_ci NOT NULL,
  `nombre_completo` varchar(150) COLLATE utf8mb4_unicode_ci NOT NULL,
  `email` varchar(150) COLLATE utf8mb4_unicode_ci DEFAULT NULL,
  `rol` enum('ADMIN','SUPERVISOR','OPERADOR') COLLATE utf8mb4_unicode_ci NOT NULL DEFAULT 'OPERADOR',
  `estado` tinyint(1) NOT NULL DEFAULT '1',
  `ultimo_acceso` datetime DEFAULT NULL,
  `fecha_creacion` datetime NOT NULL DEFAULT CURRENT_TIMESTAMP,
  `intentos_fallidos` int NOT NULL DEFAULT '0',
  PRIMARY KEY (`id_usuario`),
  UNIQUE KEY `username` (`username`)
) ENGINE=InnoDB AUTO_INCREMENT=3 DEFAULT CHARSET=utf8mb4 COLLATE=utf8mb4_unicode_ci;
/*!40101 SET character_set_client = @saved_cs_client */;

--
-- Dumping data for table `tb_usuario`
--

LOCK TABLES `tb_usuario` WRITE;
/*!40000 ALTER TABLE `tb_usuario` DISABLE KEYS */;
INSERT INTO `tb_usuario` VALUES (1,'admin','3b612c75a7b5048a435fb6ec81e52ff92d6d795a8b5a9c17070f6a63c97a53b2','Administrador del Sistema','admin@sbr.com','ADMIN',1,NULL,'2026-07-01 14:29:02',1),(2,'gestor','35c5f985881ec7eba23daa203c6e2dd922621225a91a6f2d03aa7a9e7d8ab45a','Gestor de Asignaciones','gestor@sbr.com','SUPERVISOR',1,NULL,'2026-07-01 14:29:02',0);
/*!40000 ALTER TABLE `tb_usuario` ENABLE KEYS */;
UNLOCK TABLES;

--
-- Table structure for table `tb_zona`
--

DROP TABLE IF EXISTS `tb_zona`;
/*!40101 SET @saved_cs_client     = @@character_set_client */;
/*!50503 SET character_set_client = utf8mb4 */;
CREATE TABLE `tb_zona` (
  `id_zona` int NOT NULL AUTO_INCREMENT,
  `nombre` varchar(100) COLLATE utf8mb4_unicode_ci NOT NULL,
  `descripcion` varchar(255) COLLATE utf8mb4_unicode_ci DEFAULT NULL,
  `estado` tinyint(1) NOT NULL DEFAULT '1',
  PRIMARY KEY (`id_zona`)
) ENGINE=InnoDB AUTO_INCREMENT=5 DEFAULT CHARSET=utf8mb4 COLLATE=utf8mb4_unicode_ci;
/*!40101 SET character_set_client = @saved_cs_client */;

--
-- Dumping data for table `tb_zona`
--

LOCK TABLES `tb_zona` WRITE;
/*!40000 ALTER TABLE `tb_zona` DISABLE KEYS */;
INSERT INTO `tb_zona` VALUES (1,'San Bartolo','Distrito de San Bartolo',1),(2,'Punta Negra','Distrito de Punta Negra',1),(3,'Punta Hermosa','Distrito de Punta Hermosa',1),(4,'Pucusana','Distrito de Pucusana',1);
/*!40000 ALTER TABLE `tb_zona` ENABLE KEYS */;
UNLOCK TABLES;

--
-- Temporary view structure for view `v_solicitud_resumen`
--

DROP TABLE IF EXISTS `v_solicitud_resumen`;
/*!50001 DROP VIEW IF EXISTS `v_solicitud_resumen`*/;
SET @saved_cs_client     = @@character_set_client;
/*!50503 SET character_set_client = utf8mb4 */;
/*!50001 CREATE VIEW `v_solicitud_resumen` AS SELECT 
 1 AS `id_solicitud`,
 1 AS `cliente`,
 1 AS `telefono`,
 1 AS `direccion`,
 1 AS `zona_cliente`,
 1 AS `tipo_servicio`,
 1 AS `prioridad`,
 1 AS `estado`,
 1 AS `fecha_registro`,
 1 AS `fecha_solicitada`,
 1 AS `tecnico_asignado`,
 1 AS `fecha_programada`,
 1 AS `estado_asignacion`*/;
SET character_set_client = @saved_cs_client;

--
-- Final view structure for view `v_solicitud_resumen`
--

/*!50001 DROP VIEW IF EXISTS `v_solicitud_resumen`*/;
/*!50001 SET @saved_cs_client          = @@character_set_client */;
/*!50001 SET @saved_cs_results         = @@character_set_results */;
/*!50001 SET @saved_col_connection     = @@collation_connection */;
/*!50001 SET character_set_client      = utf8mb4 */;
/*!50001 SET character_set_results     = utf8mb4 */;
/*!50001 SET collation_connection      = utf8mb4_0900_ai_ci */;
/*!50001 CREATE ALGORITHM=UNDEFINED */
/*!50013 DEFINER=`root`@`localhost` SQL SECURITY DEFINER */
/*!50001 VIEW `v_solicitud_resumen` AS select `s`.`id_solicitud` AS `id_solicitud`,concat(`c`.`nombres`,' ',`c`.`apellidos`) AS `cliente`,`c`.`telefono` AS `telefono`,`c`.`direccion` AS `direccion`,`z`.`nombre` AS `zona_cliente`,`ts`.`nombre` AS `tipo_servicio`,`s`.`prioridad` AS `prioridad`,`s`.`estado` AS `estado`,`s`.`fecha_registro` AS `fecha_registro`,`s`.`fecha_solicitada` AS `fecha_solicitada`,concat(`t`.`nombres`,' ',`t`.`apellidos`) AS `tecnico_asignado`,`a`.`fecha_programada` AS `fecha_programada`,`a`.`estado_asignacion` AS `estado_asignacion` from (((((`tb_solicitud` `s` join `tb_cliente` `c` on((`c`.`id_cliente` = `s`.`id_cliente`))) left join `tb_zona` `z` on((`z`.`id_zona` = `c`.`id_zona`))) join `tb_tipo_servicio` `ts` on((`ts`.`id_tipo_servicio` = `s`.`id_tipo_servicio`))) left join `tb_asignacion` `a` on((`a`.`id_solicitud` = `s`.`id_solicitud`))) left join `tb_tecnico` `t` on((`t`.`id_tecnico` = `a`.`id_tecnico`))) */;
/*!50001 SET character_set_client      = @saved_cs_client */;
/*!50001 SET character_set_results     = @saved_cs_results */;
/*!50001 SET collation_connection      = @saved_col_connection */;
SET @@SESSION.SQL_LOG_BIN = @MYSQLDUMP_TEMP_LOG_BIN;
/*!40103 SET TIME_ZONE=@OLD_TIME_ZONE */;

/*!40101 SET SQL_MODE=@OLD_SQL_MODE */;
/*!40014 SET FOREIGN_KEY_CHECKS=@OLD_FOREIGN_KEY_CHECKS */;
/*!40014 SET UNIQUE_CHECKS=@OLD_UNIQUE_CHECKS */;
/*!40101 SET CHARACTER_SET_CLIENT=@OLD_CHARACTER_SET_CLIENT */;
/*!40101 SET CHARACTER_SET_RESULTS=@OLD_CHARACTER_SET_RESULTS */;
/*!40101 SET COLLATION_CONNECTION=@OLD_COLLATION_CONNECTION */;
/*!40111 SET SQL_NOTES=@OLD_SQL_NOTES */;

-- Dump completed on 2026-07-01 14:30:02
